image_name,class,class_index,original_labels
India_000000.jpg,Normal,0,
India_000001.jpg,Normal,0,
India_000002.jpg,Normal,0,
India_000003.jpg,Normal,0,
India_000005.jpg,Pothole,2,D40
India_000007.jpg,Normal,0,
India_000010.jpg,Normal,0,D44
India_000011.jpg,Crack,1,D00
India_000012.jpg,Normal,0,
India_000014.jpg,Crack,1,"D20, D20, D44"
India_000016.jpg,Normal,0,
India_000017.jpg,Pothole,2,"D44, D40, D40, D40, D40"
India_000018.jpg,Normal,0,
India_000019.jpg,Normal,0,
India_000022.jpg,Normal,0,
India_000023.jpg,Normal,0,
India_000024.jpg,Crack,1,D20
India_000026.jpg,Normal,0,
India_000027.jpg,Both,3,"D40, D40, D40, D40, D20, D40"
India_000028.jpg,Crack,1,D20
India_000032.jpg,Normal,0,"D44, D44"
India_000035.jpg,Normal,0,
India_000036.jpg,Normal,0,
India_000037.jpg,Normal,0,
India_000038.jpg,Crack,1,"D01, D00"
India_000039.jpg,Normal,0,
India_000040.jpg,Normal,0,
India_000041.jpg,Normal,0,
India_000042.jpg,Normal,0,
India_000043.jpg,Both,3,"D40, D40, D40, D40, D40, D20, D40"
India_000046.jpg,Normal,0,
India_000047.jpg,Normal,0,
India_000049.jpg,Normal,0,
India_000052.jpg,Both,3,"D20, D00, D00, D40, D40, D40, D40, D40, D40"
India_000053.jpg,Crack,1,"D20, D00, D00"
India_000054.jpg,Both,3,"D40, D00"
India_000055.jpg,Both,3,"D01, D11, D40"
India_000057.jpg,Both,3,"D40, D00, D00, D00, D40"
India_000059.jpg,Normal,0,
India_000061.jpg,Pothole,2,"D40, D40"
India_000064.jpg,Normal,0,
India_000066.jpg,Normal,0,
India_000067.jpg,Both,3,"D20, D40"
India_000069.jpg,Normal,0,
India_000071.jpg,Pothole,2,"D40, D40"
India_000072.jpg,Normal,0,
India_000073.jpg,Normal,0,
India_000074.jpg,Normal,0,
India_000075.jpg,Normal,0,
India_000076.jpg,Normal,0,D44
India_000078.jpg,Crack,1,"D00, D11, D11, D11"
India_000079.jpg,Normal,0,
India_000080.jpg,Normal,0,
India_000081.jpg,Pothole,2,D40
India_000083.jpg,Normal,0,
India_000085.jpg,Normal,0,
India_000086.jpg,Crack,1,"D00, D00"
India_000088.jpg,Normal,0,D44
India_000089.jpg,Normal,0,
India_000090.jpg,Crack,1,D00
India_000092.jpg,Crack,1,"D44, D00, D00, D00"
India_000093.jpg,Normal,0,D44
India_000095.jpg,Normal,0,
India_000096.jpg,Normal,0,
India_000099.jpg,Crack,1,"D44, D20"
India_000101.jpg,Normal,0,
India_000102.jpg,Crack,1,"D00, D00"
India_000103.jpg,Pothole,2,D40
India_000104.jpg,Crack,1,D00
India_000105.jpg,Pothole,2,"D40, D40, D40"
India_000106.jpg,Normal,0,
India_000107.jpg,Normal,0,
India_000108.jpg,Normal,0,
India_000109.jpg,Both,3,"D40, D20"
India_000110.jpg,Normal,0,
India_000111.jpg,Normal,0,
India_000112.jpg,Normal,0,
India_000113.jpg,Normal,0,
India_000114.jpg,Crack,1,D20
India_000115.jpg,Both,3,"D10, D40"
India_000116.jpg,Normal,0,
India_000117.jpg,Normal,0,
India_000118.jpg,Normal,0,
India_000119.jpg,Normal,0,
India_000121.jpg,Normal,0,
India_000123.jpg,Normal,0,
India_000124.jpg,Normal,0,
India_000125.jpg,Crack,1,"D00, D00, D00, D00"
India_000126.jpg,Both,3,"D20, D40, D20"
India_000127.jpg,Both,3,"D20, D40"
India_000128.jpg,Pothole,2,"D40, D44, D44, D50"
India_000129.jpg,Normal,0,
India_000130.jpg,Crack,1,"D44, D20"
India_000131.jpg,Both,3,"D00, D20, D40"
India_000132.jpg,Normal,0,
India_000133.jpg,Normal,0,
India_000134.jpg,Normal,0,
India_000135.jpg,Normal,0,
India_000136.jpg,Normal,0,
India_000138.jpg,Normal,0,
India_000140.jpg,Normal,0,
India_000142.jpg,Crack,1,"D44, D20, D43"
India_000144.jpg,Normal,0,
India_000145.jpg,Crack,1,"D11, D01, D01"
India_000146.jpg,Normal,0,D44
India_000147.jpg,Both,3,"D40, D40, D00, D20"
India_000148.jpg,Normal,0,
India_000150.jpg,Normal,0,
India_000151.jpg,Normal,0,
India_000155.jpg,Both,3,"D00, D40"
India_000156.jpg,Normal,0,
India_000157.jpg,Crack,1,"D20, D00, D00"
India_000158.jpg,Crack,1,D20
India_000160.jpg,Normal,0,
India_000162.jpg,Normal,0,
India_000163.jpg,Normal,0,D43
India_000164.jpg,Crack,1,"D43, D20"
India_000165.jpg,Normal,0,
India_000166.jpg,Normal,0,
India_000168.jpg,Pothole,2,"D40, D40, D40"
India_000169.jpg,Normal,0,
India_000170.jpg,Normal,0,
India_000171.jpg,Normal,0,
India_000173.jpg,Pothole,2,"D40, D40"
India_000174.jpg,Pothole,2,"D40, D40, D40, D40"
India_000175.jpg,Normal,0,
India_000177.jpg,Normal,0,
India_000178.jpg,Normal,0,
India_000179.jpg,Normal,0,
India_000180.jpg,Normal,0,
India_000182.jpg,Normal,0,D44
India_000184.jpg,Crack,1,D20
India_000186.jpg,Normal,0,
India_000187.jpg,Normal,0,
India_000188.jpg,Normal,0,
India_000189.jpg,Normal,0,D43
India_000190.jpg,Normal,0,
India_000191.jpg,Crack,1,"D44, D20, D20"
India_000193.jpg,Both,3,"D40, D10, D40"
India_000194.jpg,Normal,0,
India_000195.jpg,Normal,0,
India_000196.jpg,Normal,0,
India_000197.jpg,Crack,1,"D00, D20"
India_000198.jpg,Normal,0,
India_000199.jpg,Crack,1,D00
India_000200.jpg,Crack,1,D20
India_000201.jpg,Normal,0,D44
India_000203.jpg,Normal,0,D44
India_000204.jpg,Normal,0,
India_000205.jpg,Crack,1,D00
India_000206.jpg,Normal,0,
India_000207.jpg,Normal,0,
India_000208.jpg,Normal,0,
India_000209.jpg,Both,3,"D20, D40, D40, D40, D40, D40, D40"
India_000210.jpg,Crack,1,D00
India_000213.jpg,Normal,0,
India_000214.jpg,Normal,0,D44
India_000217.jpg,Normal,0,
India_000218.jpg,Normal,0,
India_000219.jpg,Normal,0,
India_000222.jpg,Crack,1,"D20, D44"
India_000223.jpg,Both,3,"D00, D40, D40, D40, D40, D40, D40"
India_000224.jpg,Crack,1,D00
India_000225.jpg,Normal,0,
India_000226.jpg,Normal,0,
India_000227.jpg,Normal,0,
India_000228.jpg,Normal,0,
India_000229.jpg,Normal,0,
India_000230.jpg,Both,3,"D20, D40"
India_000232.jpg,Crack,1,D00
India_000233.jpg,Normal,0,
India_000235.jpg,Normal,0,
India_000236.jpg,Normal,0,
India_000238.jpg,Normal,0,
India_000241.jpg,Both,3,"D20, D40"
India_000242.jpg,Normal,0,
India_000243.jpg,Normal,0,
India_000244.jpg,Normal,0,
India_000245.jpg,Normal,0,D44
India_000249.jpg,Normal,0,
India_000251.jpg,Normal,0,
India_000252.jpg,Normal,0,
India_000253.jpg,Normal,0,
India_000254.jpg,Normal,0,
India_000255.jpg,Normal,0,
India_000256.jpg,Crack,1,"D00, D44"
India_000257.jpg,Normal,0,
India_000258.jpg,Normal,0,
India_000259.jpg,Crack,1,D00
India_000260.jpg,Normal,0,D44
India_000261.jpg,Pothole,2,D40
India_000262.jpg,Normal,0,
India_000263.jpg,Normal,0,
India_000267.jpg,Crack,1,"D00, D00, D00"
India_000268.jpg,Pothole,2,"D40, D50"
India_000269.jpg,Crack,1,D20
India_000270.jpg,Crack,1,"D20, D00"
India_000271.jpg,Crack,1,D20
India_000272.jpg,Crack,1,"D44, D20, D43"
India_000273.jpg,Normal,0,
India_000274.jpg,Both,3,"D40, D40, D20, D40"
India_000275.jpg,Crack,1,"D44, D00"
India_000276.jpg,Normal,0,
India_000278.jpg,Pothole,2,D40
India_000279.jpg,Normal,0,
India_000280.jpg,Normal,0,
India_000281.jpg,Normal,0,
India_000282.jpg,Normal,0,
India_000283.jpg,Crack,1,"D44, D20"
India_000285.jpg,Crack,1,"D20, D43, D44"
India_000286.jpg,Normal,0,
India_000288.jpg,Pothole,2,"D40, D40"
India_000289.jpg,Normal,0,
India_000290.jpg,Normal,0,
India_000291.jpg,Normal,0,
India_000292.jpg,Crack,1,"D20, D00"
India_000293.jpg,Crack,1,D00
India_000294.jpg,Normal,0,
India_000295.jpg,Normal,0,
India_000297.jpg,Normal,0,
India_000298.jpg,Crack,1,"D20, D20"
India_000299.jpg,Crack,1,"D00, D20"
India_000300.jpg,Normal,0,
India_000301.jpg,Pothole,2,"D40, D40"
India_000302.jpg,Crack,1,D20
India_000303.jpg,Normal,0,
India_000304.jpg,Normal,0,
India_000305.jpg,Normal,0,
India_000306.jpg,Normal,0,
India_000308.jpg,Normal,0,
India_000309.jpg,Crack,1,"D20, D01"
India_000310.jpg,Crack,1,D20
India_000311.jpg,Normal,0,
India_000312.jpg,Crack,1,D00
India_000313.jpg,Normal,0,
India_000315.jpg,Normal,0,
India_000316.jpg,Both,3,"D40, D40, D40, D40, D40, D20, D00"
India_000317.jpg,Both,3,"D40, D00, D20"
India_000318.jpg,Normal,0,
India_000319.jpg,Crack,1,"D01, D00"
India_000320.jpg,Both,3,"D00, D40"
India_000321.jpg,Normal,0,
India_000323.jpg,Both,3,"D20, D40, D40, D40"
India_000325.jpg,Normal,0,
India_000326.jpg,Normal,0,
India_000327.jpg,Normal,0,
India_000329.jpg,Normal,0,D44
India_000330.jpg,Crack,1,D00
India_000332.jpg,Normal,0,
India_000333.jpg,Normal,0,
India_000334.jpg,Normal,0,
India_000335.jpg,Normal,0,D44
India_000336.jpg,Normal,0,
India_000337.jpg,Normal,0,
India_000338.jpg,Normal,0,
India_000339.jpg,Normal,0,
India_000340.jpg,Normal,0,
India_000341.jpg,Normal,0,
India_000343.jpg,Crack,1,"D20, D44"
India_000345.jpg,Normal,0,
India_000347.jpg,Normal,0,
India_000348.jpg,Crack,1,"D20, D44"
India_000349.jpg,Normal,0,
India_000350.jpg,Crack,1,D20
India_000351.jpg,Normal,0,
India_000352.jpg,Both,3,"D20, D20, D40, D40"
India_000353.jpg,Crack,1,"D20, D20, D44"
India_000354.jpg,Normal,0,
India_000356.jpg,Normal,0,
India_000358.jpg,Normal,0,D50
India_000359.jpg,Normal,0,
India_000361.jpg,Both,3,"D20, D40, D40, D40"
India_000362.jpg,Crack,1,"D00, D00, D00, D00, D20"
India_000363.jpg,Normal,0,
India_000365.jpg,Normal,0,
India_000366.jpg,Normal,0,
India_000367.jpg,Both,3,"D20, D40, D00"
India_000368.jpg,Both,3,"D40, D40, D40, D00, D00"
India_000369.jpg,Crack,1,"D20, D44"
India_000371.jpg,Crack,1,"D44, D20, D20"
India_000372.jpg,Normal,0,
India_000373.jpg,Both,3,"D40, D00"
India_000375.jpg,Normal,0,
India_000376.jpg,Normal,0,
India_000378.jpg,Normal,0,
India_000379.jpg,Normal,0,D44
India_000382.jpg,Crack,1,"D00, D00, D00, D00, D20"
India_000383.jpg,Both,3,"D40, D20, D40, D40, D40, D40"
India_000384.jpg,Both,3,"D40, D40, D20"
India_000385.jpg,Normal,0,
India_000387.jpg,Normal,0,
India_000389.jpg,Pothole,2,D40
India_000390.jpg,Normal,0,
India_000391.jpg,Both,3,"D44, D40, D00"
India_000392.jpg,Pothole,2,D40
India_000393.jpg,Normal,0,
India_000394.jpg,Normal,0,
India_000395.jpg,Normal,0,
India_000399.jpg,Pothole,2,"D40, D40"
India_000400.jpg,Normal,0,
India_000402.jpg,Pothole,2,"D40, D40"
India_000403.jpg,Crack,1,D20
India_000405.jpg,Normal,0,
India_000406.jpg,Normal,0,
India_000407.jpg,Normal,0,"D44, D44"
India_000408.jpg,Normal,0,
India_000409.jpg,Crack,1,"D20, D44"
India_000410.jpg,Normal,0,D44
India_000411.jpg,Normal,0,
India_000412.jpg,Crack,1,"D00, D20"
India_000414.jpg,Normal,0,D44
India_000415.jpg,Normal,0,
India_000416.jpg,Crack,1,D20
India_000417.jpg,Normal,0,
India_000418.jpg,Normal,0,
India_000420.jpg,Normal,0,
India_000421.jpg,Crack,1,"D44, D20"
India_000423.jpg,Normal,0,
India_000424.jpg,Crack,1,D20
India_000425.jpg,Normal,0,
India_000426.jpg,Normal,0,
India_000427.jpg,Crack,1,D20
India_000428.jpg,Crack,1,D00
India_000429.jpg,Normal,0,
India_000430.jpg,Normal,0,
India_000431.jpg,Pothole,2,D40
India_000432.jpg,Crack,1,D20
India_000433.jpg,Normal,0,
India_000434.jpg,Normal,0,
India_000436.jpg,Crack,1,"D00, D20"
India_000437.jpg,Normal,0,
India_000438.jpg,Pothole,2,"D40, D40"
India_000439.jpg,Both,3,"D40, D40, D40, D40, D40, D20, D20, D40"
India_000440.jpg,Pothole,2,D40
India_000442.jpg,Normal,0,
India_000443.jpg,Normal,0,
India_000444.jpg,Normal,0,
India_000445.jpg,Normal,0,
India_000446.jpg,Crack,1,D00
India_000447.jpg,Normal,0,
India_000448.jpg,Pothole,2,"D40, D40, D40"
India_000449.jpg,Normal,0,
India_000451.jpg,Normal,0,D44
India_000452.jpg,Normal,0,
India_000453.jpg,Crack,1,D01
India_000454.jpg,Normal,0,
India_000455.jpg,Crack,1,D20
India_000456.jpg,Both,3,"D40, D00, D00, D40"
India_000457.jpg,Normal,0,
India_000459.jpg,Crack,1,"D20, D44"
India_000461.jpg,Normal,0,
India_000462.jpg,Crack,1,"D20, D00"
India_000465.jpg,Normal,0,
India_000466.jpg,Both,3,"D20, D40, D40, D40, D40"
India_000467.jpg,Crack,1,"D44, D20"
India_000470.jpg,Pothole,2,"D40, D40, D40, D40, D40, D40, D40"
India_000471.jpg,Crack,1,"D44, D20"
India_000472.jpg,Both,3,"D20, D00, D40, D40"
India_000473.jpg,Normal,0,
India_000474.jpg,Normal,0,
India_000475.jpg,Both,3,"D40, D40, D40, D40, D20"
India_000476.jpg,Normal,0,
India_000477.jpg,Normal,0,D44
India_000478.jpg,Crack,1,"D00, D00"
India_000480.jpg,Crack,1,"D20, D43"
India_000481.jpg,Normal,0,
India_000482.jpg,Crack,1,"D00, D00"
India_000483.jpg,Crack,1,D20
India_000484.jpg,Normal,0,
India_000485.jpg,Pothole,2,D40
India_000486.jpg,Both,3,"D20, D40"
India_000487.jpg,Normal,0,
India_000488.jpg,Normal,0,
India_000489.jpg,Normal,0,
India_000492.jpg,Normal,0,D44
India_000493.jpg,Crack,1,D20
India_000494.jpg,Crack,1,"D00, D00"
India_000495.jpg,Normal,0,D44
India_000496.jpg,Normal,0,
India_000497.jpg,Normal,0,
India_000498.jpg,Crack,1,D20
India_000499.jpg,Normal,0,
India_000500.jpg,Crack,1,D20
India_000501.jpg,Normal,0,
India_000502.jpg,Normal,0,
India_000503.jpg,Normal,0,
India_000504.jpg,Crack,1,D20
India_000507.jpg,Normal,0,
India_000508.jpg,Normal,0,
India_000509.jpg,Normal,0,
India_000510.jpg,Normal,0,
India_000511.jpg,Crack,1,"D00, D00"
India_000512.jpg,Crack,1,D20
India_000513.jpg,Normal,0,
India_000514.jpg,Crack,1,"D00, D20"
India_000516.jpg,Normal,0,
India_000517.jpg,Both,3,"D40, D40, D40, D40, D20"
India_000518.jpg,Normal,0,
India_000519.jpg,Normal,0,
India_000521.jpg,Normal,0,
India_000522.jpg,Crack,1,"D20, D44"
India_000524.jpg,Crack,1,"D00, D00, D20"
India_000525.jpg,Crack,1,"D20, D44"
India_000526.jpg,Normal,0,
India_000527.jpg,Normal,0,
India_000528.jpg,Crack,1,"D10, D00"
India_000529.jpg,Normal,0,
India_000532.jpg,Crack,1,"D00, D00"
India_000533.jpg,Normal,0,
India_000534.jpg,Normal,0,D44
India_000535.jpg,Pothole,2,D40
India_000536.jpg,Normal,0,
India_000537.jpg,Both,3,"D40, D40, D40, D40, D40, D40, D40, D20, D40, D00"
India_000538.jpg,Normal,0,
India_000540.jpg,Normal,0,
India_000542.jpg,Crack,1,"D00, D00"
India_000543.jpg,Normal,0,
India_000544.jpg,Both,3,"D20, D40, D40, D40"
India_000545.jpg,Pothole,2,D40
India_000546.jpg,Normal,0,
India_000548.jpg,Crack,1,D20
India_000549.jpg,Normal,0,
India_000551.jpg,Normal,0,
India_000552.jpg,Pothole,2,"D40, D40, D40, D40, D40, D40"
India_000554.jpg,Normal,0,
India_000555.jpg,Crack,1,"D20, D20"
India_000556.jpg,Crack,1,"D20, D20"
India_000557.jpg,Pothole,2,"D40, D40, D40, D40, D40"
India_000558.jpg,Normal,0,
India_000559.jpg,Normal,0,
India_000560.jpg,Crack,1,"D00, D00"
India_000561.jpg,Crack,1,D00
India_000562.jpg,Both,3,"D00, D00, D40"
India_000563.jpg,Both,3,"D20, D40"
India_000564.jpg,Normal,0,
India_000565.jpg,Normal,0,
India_000566.jpg,Normal,0,D44
India_000567.jpg,Normal,0,
India_000568.jpg,Normal,0,
India_000569.jpg,Normal,0,
India_000570.jpg,Normal,0,"D44, D44"
India_000571.jpg,Normal,0,
India_000572.jpg,Normal,0,
India_000574.jpg,Normal,0,
India_000575.jpg,Pothole,2,"D40, D40"
India_000576.jpg,Both,3,"D20, D20, D40"
India_000577.jpg,Normal,0,
India_000578.jpg,Crack,1,"D01, D01, D00"
India_000579.jpg,Both,3,"D20, D20, D20, D40, D40"
India_000580.jpg,Both,3,"D20, D40, D44"
India_000581.jpg,Pothole,2,"D40, D40"
India_000582.jpg,Crack,1,D20
India_000584.jpg,Normal,0,
India_000585.jpg,Normal,0,
India_000586.jpg,Both,3,"D40, D40, D40, D20"
India_000588.jpg,Normal,0,
India_000589.jpg,Crack,1,D10
India_000590.jpg,Both,3,"D40, D00"
India_000591.jpg,Both,3,"D20, D40"
India_000592.jpg,Crack,1,"D20, D43"
India_000593.jpg,Normal,0,
India_000594.jpg,Normal,0,
India_000595.jpg,Pothole,2,"D40, D40, D40"
India_000596.jpg,Both,3,"D40, D20"
India_000597.jpg,Crack,1,"D00, D20"
India_000598.jpg,Normal,0,
India_000599.jpg,Crack,1,D00
India_000600.jpg,Normal,0,
India_000601.jpg,Crack,1,D20
India_000602.jpg,Normal,0,
India_000603.jpg,Crack,1,D00
India_000605.jpg,Crack,1,"D44, D20, D20, D20"
India_000606.jpg,Normal,0,
India_000608.jpg,Normal,0,
India_000609.jpg,Crack,1,"D20, D00"
India_000611.jpg,Crack,1,D20
India_000612.jpg,Pothole,2,D40
India_000614.jpg,Pothole,2,"D40, D40"
India_000616.jpg,Normal,0,
India_000617.jpg,Crack,1,D20
India_000618.jpg,Both,3,"D40, D40, D20, D44"
India_000619.jpg,Normal,0,
India_000620.jpg,Normal,0,
India_000621.jpg,Normal,0,
India_000622.jpg,Crack,1,"D20, D20, D43"
India_000624.jpg,Crack,1,D01
India_000625.jpg,Normal,0,
India_000626.jpg,Normal,0,
India_000627.jpg,Pothole,2,D40
India_000628.jpg,Both,3,"D20, D40"
India_000630.jpg,Crack,1,"D20, D00"
India_000631.jpg,Both,3,"D40, D40, D20"
India_000635.jpg,Normal,0,
India_000636.jpg,Normal,0,
India_000637.jpg,Normal,0,
India_000638.jpg,Normal,0,D44
India_000639.jpg,Normal,0,
India_000642.jpg,Normal,0,
India_000644.jpg,Both,3,"D00, D40"
India_000646.jpg,Both,3,"D20, D00, D40"
India_000647.jpg,Normal,0,
India_000648.jpg,Normal,0,
India_000649.jpg,Normal,0,
India_000651.jpg,Normal,0,
India_000652.jpg,Both,3,"D40, D40, D40, D20, D20, D40"
India_000653.jpg,Normal,0,
India_000654.jpg,Pothole,2,D40
India_000655.jpg,Crack,1,D20
India_000656.jpg,Crack,1,D20
India_000657.jpg,Normal,0,
India_000659.jpg,Both,3,"D20, D40, D40, D40, D40, D40, D40"
India_000661.jpg,Normal,0,
India_000662.jpg,Normal,0,
India_000663.jpg,Normal,0,
India_000665.jpg,Crack,1,"D20, D00, D00, D00"
India_000667.jpg,Crack,1,D20
India_000669.jpg,Both,3,"D40, D00, D20, D40"
India_000670.jpg,Normal,0,
India_000675.jpg,Normal,0,
India_000676.jpg,Crack,1,D20
India_000677.jpg,Normal,0,
India_000678.jpg,Crack,1,"D20, D44"
India_000679.jpg,Normal,0,
India_000680.jpg,Crack,1,"D00, D20"
India_000681.jpg,Normal,0,D44
India_000682.jpg,Pothole,2,"D43, D40"
India_000683.jpg,Crack,1,"D00, D00"
India_000684.jpg,Pothole,2,"D40, D40"
India_000685.jpg,Both,3,"D40, D40, D00, D00"
India_000688.jpg,Crack,1,D00
India_000690.jpg,Crack,1,D20
India_000691.jpg,Normal,0,
India_000692.jpg,Normal,0,
India_000693.jpg,Normal,0,
India_000694.jpg,Normal,0,
India_000696.jpg,Normal,0,
India_000697.jpg,Normal,0,
India_000698.jpg,Normal,0,
India_000699.jpg,Normal,0,
India_000700.jpg,Crack,1,D20
India_000701.jpg,Pothole,2,D40
India_000702.jpg,Crack,1,D20
India_000703.jpg,Normal,0,
India_000704.jpg,Normal,0,
India_000705.jpg,Both,3,"D40, D40, D20"
India_000709.jpg,Normal,0,D44
India_000710.jpg,Both,3,"D40, D40, D00"
India_000711.jpg,Normal,0,D44
India_000712.jpg,Normal,0,
India_000714.jpg,Both,3,"D20, D40, D40"
India_000715.jpg,Crack,1,D20
India_000716.jpg,Normal,0,
India_000718.jpg,Pothole,2,"D40, D40"
India_000719.jpg,Normal,0,
India_000721.jpg,Normal,0,
India_000722.jpg,Normal,0,
India_000724.jpg,Pothole,2,D40
India_000725.jpg,Normal,0,
India_000726.jpg,Crack,1,D20
India_000727.jpg,Normal,0,
India_000728.jpg,Normal,0,
India_000729.jpg,Pothole,2,"D40, D40, D40, D40, D40, D40"
India_000730.jpg,Crack,1,D20
India_000731.jpg,Pothole,2,D40
India_000732.jpg,Pothole,2,D40
India_000733.jpg,Normal,0,
India_000734.jpg,Normal,0,
India_000735.jpg,Pothole,2,D40
India_000736.jpg,Normal,0,
India_000737.jpg,Normal,0,
India_000738.jpg,Normal,0,
India_000739.jpg,Crack,1,"D00, D20"
India_000740.jpg,Crack,1,D00
India_000741.jpg,Normal,0,
India_000742.jpg,Crack,1,D00
India_000743.jpg,Pothole,2,D40
India_000744.jpg,Pothole,2,"D40, D40"
India_000745.jpg,Pothole,2,"D40, D40"
India_000746.jpg,Pothole,2,D40
India_000747.jpg,Pothole,2,"D40, D44"
India_000748.jpg,Crack,1,D01
India_000749.jpg,Normal,0,
India_000751.jpg,Normal,0,
India_000754.jpg,Normal,0,
India_000756.jpg,Both,3,"D00, D40"
India_000757.jpg,Normal,0,
India_000758.jpg,Crack,1,D01
India_000759.jpg,Both,3,"D44, D20, D40"
India_000760.jpg,Crack,1,D00
India_000761.jpg,Normal,0,
India_000762.jpg,Normal,0,
India_000763.jpg,Crack,1,D01
India_000764.jpg,Normal,0,
India_000765.jpg,Crack,1,D00
India_000766.jpg,Normal,0,
India_000768.jpg,Both,3,"D20, D40"
India_000769.jpg,Normal,0,
India_000770.jpg,Both,3,"D20, D40, D40"
India_000771.jpg,Pothole,2,D40
India_000772.jpg,Normal,0,D44
India_000773.jpg,Crack,1,D20
India_000775.jpg,Crack,1,"D20, D44, D44"
India_000776.jpg,Crack,1,D00
India_000778.jpg,Normal,0,
India_000779.jpg,Normal,0,
India_000780.jpg,Crack,1,"D00, D20"
India_000781.jpg,Both,3,"D40, D00"
India_000782.jpg,Crack,1,D20
India_000785.jpg,Both,3,"D40, D20"
India_000786.jpg,Normal,0,
India_000787.jpg,Normal,0,
India_000788.jpg,Crack,1,"D20, D20"
India_000789.jpg,Normal,0,D44
India_000790.jpg,Normal,0,
India_000791.jpg,Crack,1,"D00, D00, D20"
India_000794.jpg,Normal,0,
India_000796.jpg,Crack,1,D00
India_000797.jpg,Pothole,2,D40
India_000798.jpg,Crack,1,"D44, D44, D00"
India_000799.jpg,Normal,0,
India_000800.jpg,Normal,0,
India_000801.jpg,Normal,0,
India_000802.jpg,Pothole,2,D40
India_000803.jpg,Normal,0,
India_000804.jpg,Normal,0,
India_000805.jpg,Normal,0,
India_000806.jpg,Normal,0,
India_000808.jpg,Both,3,"D40, D40, D40, D40, D20"
India_000810.jpg,Normal,0,
India_000811.jpg,Crack,1,"D20, D20"
India_000812.jpg,Pothole,2,"D44, D40, D40, D40"
India_000813.jpg,Normal,0,D44
India_000814.jpg,Normal,0,
India_000815.jpg,Crack,1,"D44, D20"
India_000816.jpg,Crack,1,D00
India_000817.jpg,Normal,0,
India_000819.jpg,Normal,0,
India_000820.jpg,Normal,0,
India_000821.jpg,Crack,1,D01
India_000822.jpg,Pothole,2,"D40, D40"
India_000823.jpg,Pothole,2,D40
India_000824.jpg,Normal,0,
India_000825.jpg,Pothole,2,D40
India_000826.jpg,Normal,0,
India_000827.jpg,Normal,0,
India_000830.jpg,Crack,1,"D20, D44"
India_000831.jpg,Pothole,2,D40
India_000832.jpg,Normal,0,
India_000833.jpg,Crack,1,"D00, D00"
India_000835.jpg,Normal,0,
India_000836.jpg,Normal,0,
India_000837.jpg,Normal,0,
India_000839.jpg,Crack,1,"D00, D20"
India_000840.jpg,Pothole,2,D40
India_000842.jpg,Normal,0,
India_000844.jpg,Normal,0,
India_000846.jpg,Pothole,2,D40
India_000847.jpg,Normal,0,
India_000848.jpg,Both,3,"D20, D20, D20, D40"
India_000849.jpg,Crack,1,"D20, D44"
India_000850.jpg,Crack,1,"D20, D20, D44"
India_000851.jpg,Normal,0,
India_000852.jpg,Crack,1,D20
India_000853.jpg,Pothole,2,"D44, D40, D40"
India_000855.jpg,Pothole,2,"D40, D40, D40, D40, D40"
India_000856.jpg,Crack,1,D20
India_000857.jpg,Both,3,"D40, D01, D11"
India_000858.jpg,Normal,0,
India_000859.jpg,Normal,0,
India_000860.jpg,Crack,1,D20
India_000861.jpg,Crack,1,D20
India_000862.jpg,Both,3,"D10, D00, D00, D40, D40, D40"
India_000863.jpg,Normal,0,
India_000864.jpg,Pothole,2,"D40, D40"
India_000865.jpg,Normal,0,"D44, D50"
India_000866.jpg,Normal,0,
India_000867.jpg,Normal,0,
India_000869.jpg,Normal,0,
India_000870.jpg,Normal,0,D44
India_000872.jpg,Normal,0,
India_000873.jpg,Pothole,2,"D40, D40"
India_000874.jpg,Crack,1,"D50, D00, D44, D44"
India_000879.jpg,Crack,1,"D44, D20"
India_000881.jpg,Normal,0,
India_000882.jpg,Normal,0,
India_000884.jpg,Crack,1,"D00, D20"
India_000885.jpg,Normal,0,
India_000887.jpg,Normal,0,
India_000888.jpg,Normal,0,
India_000890.jpg,Normal,0,
India_000891.jpg,Crack,1,D20
India_000892.jpg,Crack,1,"D20, D20, D44, D44"
India_000893.jpg,Both,3,"D20, D40"
India_000894.jpg,Normal,0,
India_000895.jpg,Crack,1,D20
India_000896.jpg,Crack,1,"D44, D20"
India_000898.jpg,Normal,0,
India_000901.jpg,Normal,0,
India_000905.jpg,Crack,1,D00
India_000907.jpg,Normal,0,
India_000908.jpg,Normal,0,
India_000909.jpg,Normal,0,
India_000910.jpg,Crack,1,D20
India_000911.jpg,Normal,0,
India_000912.jpg,Normal,0,
India_000913.jpg,Normal,0,
India_000914.jpg,Both,3,"D40, D40, D40, D40, D40, D40, D20"
India_000915.jpg,Both,3,"D40, D20"
India_000916.jpg,Normal,0,
India_000917.jpg,Crack,1,"D44, D20, D20"
India_000919.jpg,Crack,1,"D20, D20, D44"
India_000921.jpg,Pothole,2,D40
India_000922.jpg,Crack,1,D20
India_000923.jpg,Pothole,2,D40
India_000925.jpg,Normal,0,
India_000926.jpg,Normal,0,
India_000927.jpg,Normal,0,
India_000928.jpg,Normal,0,D44
India_000930.jpg,Normal,0,
India_000931.jpg,Pothole,2,D40
India_000932.jpg,Crack,1,D20
India_000933.jpg,Crack,1,"D44, D44, D20"
India_000934.jpg,Normal,0,
India_000935.jpg,Pothole,2,"D40, D40"
India_000936.jpg,Crack,1,D20
India_000937.jpg,Crack,1,D01
India_000938.jpg,Normal,0,
India_000939.jpg,Normal,0,
India_000940.jpg,Crack,1,D20
India_000941.jpg,Normal,0,
India_000942.jpg,Pothole,2,D40
India_000944.jpg,Both,3,"D20, D40, D40, D40"
India_000945.jpg,Pothole,2,"D40, D40, D40, D40"
India_000946.jpg,Both,3,"D00, D40"
India_000948.jpg,Crack,1,D20
India_000949.jpg,Crack,1,"D00, D20"
India_000951.jpg,Normal,0,
India_000952.jpg,Crack,1,D20
India_000954.jpg,Normal,0,
India_000955.jpg,Crack,1,"D20, D20"
India_000956.jpg,Normal,0,
India_000957.jpg,Normal,0,
India_000958.jpg,Normal,0,
India_000959.jpg,Normal,0,
India_000962.jpg,Normal,0,
India_000963.jpg,Pothole,2,"D40, D40, D40, D40, D40"
India_000964.jpg,Crack,1,"D00, D00, D00"
India_000965.jpg,Crack,1,D20
India_000966.jpg,Normal,0,
India_000969.jpg,Pothole,2,"D40, D44"
India_000970.jpg,Both,3,"D40, D20, D44"
India_000971.jpg,Crack,1,D20
India_000972.jpg,Normal,0,
India_000973.jpg,Normal,0,D44
India_000976.jpg,Crack,1,D20
India_000977.jpg,Pothole,2,D40
India_000978.jpg,Normal,0,
India_000979.jpg,Pothole,2,"D40, D40"
India_000981.jpg,Both,3,"D40, D00"
India_000982.jpg,Normal,0,
India_000984.jpg,Normal,0,
India_000985.jpg,Normal,0,
India_000987.jpg,Normal,0,
India_000988.jpg,Normal,0,
India_000990.jpg,Normal,0,
India_000991.jpg,Crack,1,"D20, D44"
India_000992.jpg,Normal,0,
India_000993.jpg,Pothole,2,"D40, D44"
India_000994.jpg,Both,3,"D20, D20, D40, D40, D40, D40, D40, D40, D40"
India_000995.jpg,Normal,0,
India_000996.jpg,Both,3,"D00, D40, D40"
India_000997.jpg,Pothole,2,D40
India_000998.jpg,Normal,0,
India_000999.jpg,Normal,0,
India_001000.jpg,Crack,1,"D44, D20"
India_001001.jpg,Crack,1,"D20, D20, D20"
India_001002.jpg,Crack,1,D00
India_001003.jpg,Crack,1,D20
India_001004.jpg,Crack,1,"D00, D00, D20, D00, D00, D00, D00"
India_001005.jpg,Pothole,2,"D40, D40"
India_001006.jpg,Pothole,2,"D40, D40, D40, D40"
India_001007.jpg,Pothole,2,D40
India_001008.jpg,Pothole,2,D40
India_001009.jpg,Normal,0,
India_001010.jpg,Normal,0,
India_001012.jpg,Both,3,"D20, D40"
India_001014.jpg,Normal,0,
India_001015.jpg,Crack,1,D20
India_001016.jpg,Normal,0,
India_001017.jpg,Crack,1,"D20, D20"
India_001018.jpg,Normal,0,
India_001019.jpg,Normal,0,
India_001020.jpg,Normal,0,
India_001021.jpg,Normal,0,
India_001023.jpg,Crack,1,D20
India_001026.jpg,Normal,0,
India_001027.jpg,Crack,1,"D00, D00, D20"
India_001028.jpg,Normal,0,
India_001029.jpg,Normal,0,
India_001030.jpg,Crack,1,D20
India_001032.jpg,Normal,0,
India_001033.jpg,Normal,0,
India_001035.jpg,Normal,0,
India_001036.jpg,Normal,0,
India_001037.jpg,Both,3,"D20, D20, D40"
India_001038.jpg,Both,3,"D20, D00, D00, D00, D40, D40, D40"
India_001040.jpg,Normal,0,"D44, D44"
India_001041.jpg,Crack,1,D00
India_001042.jpg,Crack,1,"D20, D20"
India_001044.jpg,Normal,0,
India_001045.jpg,Normal,0,
India_001046.jpg,Crack,1,"D20, D20"
India_001047.jpg,Normal,0,
India_001048.jpg,Normal,0,
India_001049.jpg,Pothole,2,"D40, D40"
India_001050.jpg,Normal,0,D43
India_001051.jpg,Pothole,2,"D40, D40, D40, D40, D40, D40, D40"
India_001052.jpg,Normal,0,
India_001053.jpg,Both,3,"D40, D20"
India_001054.jpg,Normal,0,
India_001056.jpg,Both,3,"D00, D40, D40"
India_001057.jpg,Normal,0,
India_001058.jpg,Pothole,2,D40
India_001059.jpg,Crack,1,D20
India_001060.jpg,Normal,0,
India_001061.jpg,Normal,0,
India_001063.jpg,Normal,0,
India_001064.jpg,Normal,0,
India_001065.jpg,Normal,0,
India_001066.jpg,Crack,1,D00
India_001067.jpg,Normal,0,
India_001068.jpg,Crack,1,"D20, D00"
India_001069.jpg,Both,3,"D00, D40, D40"
India_001070.jpg,Normal,0,
India_001071.jpg,Normal,0,
India_001072.jpg,Normal,0,
India_001074.jpg,Normal,0,
India_001075.jpg,Normal,0,
India_001076.jpg,Crack,1,"D20, D20"
India_001077.jpg,Crack,1,D00
India_001078.jpg,Normal,0,
India_001079.jpg,Normal,0,
India_001080.jpg,Crack,1,D01
India_001081.jpg,Normal,0,
India_001082.jpg,Normal,0,
India_001083.jpg,Normal,0,
India_001084.jpg,Normal,0,D44
India_001085.jpg,Crack,1,"D00, D20"
India_001086.jpg,Normal,0,D44
India_001087.jpg,Normal,0,
India_001088.jpg,Pothole,2,D40
India_001089.jpg,Normal,0,
India_001090.jpg,Crack,1,D00
India_001093.jpg,Normal,0,D44
India_001094.jpg,Crack,1,"D20, D10"
India_001095.jpg,Crack,1,D20
India_001096.jpg,Normal,0,
India_001097.jpg,Normal,0,
India_001098.jpg,Crack,1,D20
India_001099.jpg,Normal,0,
India_001100.jpg,Normal,0,
India_001101.jpg,Both,3,"D20, D40"
India_001102.jpg,Normal,0,
India_001103.jpg,Both,3,"D00, D40"
India_001104.jpg,Crack,1,D20
India_001105.jpg,Pothole,2,D40
India_001107.jpg,Normal,0,
India_001110.jpg,Normal,0,
India_001111.jpg,Crack,1,D20
India_001112.jpg,Pothole,2,"D40, D40, D40"
India_001113.jpg,Normal,0,
India_001114.jpg,Both,3,"D40, D40, D00"
India_001115.jpg,Crack,1,D00
India_001118.jpg,Crack,1,D01
India_001119.jpg,Normal,0,
India_001121.jpg,Both,3,"D00, D40"
India_001122.jpg,Both,3,"D20, D20, D40, D40"
India_001123.jpg,Crack,1,D20
India_001124.jpg,Normal,0,
India_001125.jpg,Pothole,2,"D40, D40"
India_001126.jpg,Both,3,"D40, D40, D40, D20"
India_001129.jpg,Normal,0,
India_001130.jpg,Normal,0,
India_001131.jpg,Normal,0,
India_001132.jpg,Normal,0,
India_001133.jpg,Both,3,"D10, D40"
India_001134.jpg,Pothole,2,"D40, D40"
India_001135.jpg,Pothole,2,"D40, D40"
India_001136.jpg,Normal,0,
India_001137.jpg,Pothole,2,"D40, D40, D40, D40"
India_001138.jpg,Crack,1,D20
India_001139.jpg,Crack,1,D20
India_001140.jpg,Normal,0,
India_001141.jpg,Both,3,"D40, D40, D40, D20"
India_001142.jpg,Crack,1,"D20, D20"
India_001143.jpg,Crack,1,D20
India_001144.jpg,Normal,0,
India_001145.jpg,Both,3,"D40, D40, D40, D40, D40, D00, D20, D40, D40"
India_001146.jpg,Crack,1,"D00, D01"
India_001147.jpg,Crack,1,"D00, D20"
India_001148.jpg,Normal,0,
India_001149.jpg,Crack,1,"D20, D44"
India_001150.jpg,Crack,1,D00
India_001151.jpg,Normal,0,
India_001153.jpg,Normal,0,
India_001155.jpg,Crack,1,"D01, D01"
India_001156.jpg,Pothole,2,"D40, D40, D40, D40, D40, D40"
India_001158.jpg,Normal,0,
India_001159.jpg,Normal,0,
India_001160.jpg,Crack,1,"D00, D00, D00, D20"
India_001161.jpg,Crack,1,D00
India_001163.jpg,Normal,0,
India_001164.jpg,Normal,0,
India_001165.jpg,Crack,1,"D20, D00, D00"
India_001166.jpg,Normal,0,
India_001167.jpg,Pothole,2,"D40, D40, D40"
India_001168.jpg,Pothole,2,D40
India_001171.jpg,Normal,0,
India_001173.jpg,Pothole,2,"D40, D44"
India_001174.jpg,Pothole,2,D40
India_001175.jpg,Crack,1,"D20, D44"
India_001176.jpg,Pothole,2,D40
India_001179.jpg,Normal,0,
India_001180.jpg,Pothole,2,D40
India_001181.jpg,Both,3,"D00, D00, D40, D40"
India_001182.jpg,Normal,0,
India_001183.jpg,Normal,0,
India_001185.jpg,Normal,0,
India_001186.jpg,Both,3,"D40, D40, D00"
India_001187.jpg,Crack,1,D20
India_001188.jpg,Normal,0,D44
India_001189.jpg,Normal,0,
India_001190.jpg,Normal,0,
India_001191.jpg,Normal,0,D44
India_001192.jpg,Crack,1,"D00, D20"
India_001193.jpg,Normal,0,
India_001194.jpg,Pothole,2,D40
India_001198.jpg,Crack,1,D00
India_001199.jpg,Normal,0,
India_001200.jpg,Both,3,"D20, D40"
India_001201.jpg,Crack,1,"D10, D44"
India_001203.jpg,Normal,0,D44
India_001204.jpg,Normal,0,
India_001207.jpg,Crack,1,"D10, D00, D00"
India_001208.jpg,Normal,0,
India_001210.jpg,Normal,0,
India_001211.jpg,Normal,0,
India_001213.jpg,Both,3,"D20, D40"
India_001217.jpg,Normal,0,
India_001218.jpg,Normal,0,
India_001219.jpg,Normal,0,
India_001220.jpg,Normal,0,
India_001221.jpg,Normal,0,D44
India_001222.jpg,Pothole,2,"D40, D40, D40"
India_001225.jpg,Pothole,2,"D40, D40, D44"
India_001227.jpg,Normal,0,
India_001228.jpg,Crack,1,"D20, D44"
India_001229.jpg,Normal,0,
India_001230.jpg,Pothole,2,"D40, D40, D40, D40"
India_001231.jpg,Normal,0,
India_001232.jpg,Both,3,"D20, D40"
India_001234.jpg,Pothole,2,"D40, D40, D40, D40"
India_001235.jpg,Normal,0,
India_001236.jpg,Both,3,"D40, D40, D00, D20, D40"
India_001238.jpg,Normal,0,D44
India_001239.jpg,Pothole,2,"D40, D40, D40, D40"
India_001240.jpg,Normal,0,
India_001241.jpg,Crack,1,D20
India_001242.jpg,Pothole,2,D40
India_001243.jpg,Normal,0,
India_001244.jpg,Crack,1,D20
India_001245.jpg,Normal,0,
India_001246.jpg,Both,3,"D20, D40"
India_001247.jpg,Both,3,"D40, D40, D20"
India_001249.jpg,Crack,1,D20
India_001250.jpg,Pothole,2,D40
India_001251.jpg,Pothole,2,"D40, D40, D40, D40, D40"
India_001252.jpg,Normal,0,
India_001253.jpg,Crack,1,D20
India_001254.jpg,Both,3,"D00, D40"
India_001257.jpg,Normal,0,
India_001259.jpg,Normal,0,
India_001260.jpg,Normal,0,
India_001261.jpg,Normal,0,
India_001262.jpg,Both,3,"D40, D20"
India_001263.jpg,Normal,0,
India_001264.jpg,Normal,0,
India_001265.jpg,Normal,0,
India_001266.jpg,Both,3,"D40, D40, D10, D00"
India_001267.jpg,Crack,1,"D20, D20"
India_001268.jpg,Normal,0,
India_001269.jpg,Normal,0,
India_001270.jpg,Normal,0,
India_001271.jpg,Pothole,2,D40
India_001272.jpg,Normal,0,D44
India_001273.jpg,Normal,0,
India_001275.jpg,Both,3,"D00, D40"
India_001276.jpg,Crack,1,"D20, D44"
India_001278.jpg,Crack,1,D00
India_001279.jpg,Crack,1,D20
India_001281.jpg,Normal,0,
India_001282.jpg,Crack,1,"D11, D01"
India_001284.jpg,Crack,1,D20
India_001286.jpg,Normal,0,
India_001287.jpg,Both,3,"D00, D20, D20, D40, D40, D40, D40, D40, D40"
India_001289.jpg,Normal,0,
India_001291.jpg,Crack,1,D20
India_001292.jpg,Normal,0,
India_001294.jpg,Pothole,2,"D40, D40, D40"
India_001295.jpg,Both,3,"D40, D00, D00, D40"
India_001297.jpg,Normal,0,
India_001299.jpg,Normal,0,
India_001301.jpg,Normal,0,
India_001302.jpg,Normal,0,
India_001303.jpg,Normal,0,
India_001304.jpg,Normal,0,
India_001305.jpg,Crack,1,"D00, D00"
India_001306.jpg,Normal,0,
India_001307.jpg,Normal,0,
India_001308.jpg,Normal,0,D44
India_001309.jpg,Normal,0,
India_001310.jpg,Crack,1,D20
India_001311.jpg,Crack,1,D20
India_001313.jpg,Normal,0,
India_001314.jpg,Both,3,"D20, D40, D40, D40, D40"
India_001315.jpg,Normal,0,
India_001316.jpg,Normal,0,
India_001318.jpg,Normal,0,D44
India_001319.jpg,Both,3,"D00, D00, D40"
India_001320.jpg,Pothole,2,D40
India_001321.jpg,Crack,1,"D20, D44"
India_001322.jpg,Crack,1,D20
India_001324.jpg,Normal,0,
India_001326.jpg,Normal,0,
India_001327.jpg,Normal,0,
India_001328.jpg,Normal,0,
India_001330.jpg,Normal,0,
India_001331.jpg,Normal,0,
India_001333.jpg,Normal,0,
India_001336.jpg,Crack,1,D20
India_001337.jpg,Crack,1,"D20, D44"
India_001338.jpg,Pothole,2,"D40, D40, D40, D40, D40, D40, D40"
India_001339.jpg,Crack,1,D00
India_001340.jpg,Normal,0,
India_001341.jpg,Normal,0,
India_001342.jpg,Normal,0,
India_001344.jpg,Normal,0,
India_001345.jpg,Normal,0,
India_001346.jpg,Normal,0,
India_001348.jpg,Normal,0,
India_001349.jpg,Both,3,"D40, D00, D20"
India_001350.jpg,Crack,1,"D00, D00"
India_001351.jpg,Normal,0,
India_001352.jpg,Normal,0,
India_001353.jpg,Normal,0,
India_001355.jpg,Normal,0,
India_001357.jpg,Crack,1,D20
India_001358.jpg,Normal,0,
India_001362.jpg,Crack,1,D20
India_001363.jpg,Normal,0,
India_001364.jpg,Normal,0,"D44, D44"
India_001365.jpg,Normal,0,
India_001366.jpg,Crack,1,D20
India_001367.jpg,Pothole,2,"D40, D40, D40, D40, D40"
India_001368.jpg,Crack,1,"D20, D44"
India_001370.jpg,Normal,0,
India_001372.jpg,Normal,0,
India_001373.jpg,Normal,0,
India_001374.jpg,Normal,0,
India_001375.jpg,Normal,0,
India_001376.jpg,Normal,0,
India_001377.jpg,Normal,0,
India_001378.jpg,Normal,0,
India_001380.jpg,Normal,0,
India_001381.jpg,Pothole,2,"D40, D40, D40, D40, D40, D40, D40, D40, D40, D40"
India_001383.jpg,Normal,0,
India_001384.jpg,Normal,0,
India_001385.jpg,Both,3,"D40, D00, D40, D40, D40"
India_001386.jpg,Normal,0,
India_001387.jpg,Normal,0,
India_001388.jpg,Pothole,2,"D40, D40"
India_001389.jpg,Normal,0,
India_001390.jpg,Normal,0,D44
India_001392.jpg,Both,3,"D40, D00, D00"
India_001393.jpg,Normal,0,
India_001394.jpg,Normal,0,
India_001396.jpg,Normal,0,
India_001397.jpg,Normal,0,
India_001398.jpg,Normal,0,
India_001400.jpg,Crack,1,D20
India_001401.jpg,Both,3,"D40, D40, D40, D20"
India_001402.jpg,Crack,1,D20
India_001403.jpg,Normal,0,
India_001404.jpg,Normal,0,
India_001405.jpg,Normal,0,D44
India_001407.jpg,Both,3,"D40, D20"
India_001408.jpg,Normal,0,
India_001409.jpg,Crack,1,D20
India_001410.jpg,Normal,0,
India_001411.jpg,Normal,0,"D44, D44"
India_001413.jpg,Crack,1,D00
India_001414.jpg,Normal,0,
India_001415.jpg,Crack,1,"D20, D00, D00"
India_001418.jpg,Both,3,"D20, D40"
India_001419.jpg,Both,3,"D00, D20, D40"
India_001420.jpg,Crack,1,D20
India_001421.jpg,Crack,1,D00
India_001422.jpg,Pothole,2,"D40, D44, D40, D40"
India_001423.jpg,Normal,0,
India_001424.jpg,Pothole,2,D40
India_001427.jpg,Normal,0,
India_001428.jpg,Normal,0,
India_001429.jpg,Normal,0,
India_001430.jpg,Normal,0,
India_001431.jpg,Normal,0,
India_001432.jpg,Crack,1,"D20, D44"
India_001433.jpg,Normal,0,
India_001436.jpg,Normal,0,
India_001437.jpg,Normal,0,
India_001439.jpg,Crack,1,"D00, D00, D00, D00"
India_001440.jpg,Normal,0,
India_001441.jpg,Pothole,2,D40
India_001442.jpg,Normal,0,
India_001443.jpg,Both,3,"D40, D11, D01, D00"
India_001445.jpg,Normal,0,
India_001446.jpg,Crack,1,D20
India_001448.jpg,Normal,0,
India_001449.jpg,Crack,1,D20
India_001450.jpg,Crack,1,"D20, D44, D00"
India_001451.jpg,Normal,0,D44
India_001452.jpg,Normal,0,
India_001453.jpg,Pothole,2,D40
India_001454.jpg,Normal,0,D44
India_001455.jpg,Normal,0,
India_001456.jpg,Both,3,"D40, D20"
India_001457.jpg,Normal,0,
India_001458.jpg,Crack,1,D20
India_001459.jpg,Normal,0,
India_001461.jpg,Normal,0,
India_001465.jpg,Pothole,2,"D40, D40, D40"
India_001466.jpg,Pothole,2,"D40, D40"
India_001467.jpg,Normal,0,
India_001470.jpg,Normal,0,
India_001471.jpg,Normal,0,
India_001472.jpg,Normal,0,
India_001473.jpg,Normal,0,
India_001474.jpg,Normal,0,
India_001475.jpg,Pothole,2,"D40, D44, D44, D44"
India_001476.jpg,Normal,0,
India_001477.jpg,Normal,0,
India_001478.jpg,Crack,1,"D44, D00, D00, D00"
India_001479.jpg,Normal,0,
India_001480.jpg,Pothole,2,D40
India_001481.jpg,Crack,1,"D00, D20, D20"
India_001482.jpg,Normal,0,
India_001484.jpg,Normal,0,
India_001485.jpg,Both,3,"D40, D40, D40, D20"
India_001486.jpg,Normal,0,
India_001487.jpg,Normal,0,
India_001488.jpg,Normal,0,
India_001489.jpg,Pothole,2,D40
India_001490.jpg,Normal,0,
India_001491.jpg,Pothole,2,"D40, D40"
India_001492.jpg,Normal,0,
India_001493.jpg,Pothole,2,"D40, D40"
India_001494.jpg,Both,3,"D40, D40, D00, D00, D20"
India_001495.jpg,Crack,1,"D00, D10, D20"
India_001496.jpg,Crack,1,"D00, D00, D00"
India_001497.jpg,Normal,0,
India_001498.jpg,Crack,1,D00
India_001499.jpg,Normal,0,
India_001502.jpg,Crack,1,D20
India_001503.jpg,Both,3,"D00, D20, D40, D40"
India_001505.jpg,Normal,0,
India_001506.jpg,Normal,0,
India_001507.jpg,Pothole,2,"D40, D40"
India_001508.jpg,Normal,0,
India_001510.jpg,Normal,0,
India_001511.jpg,Normal,0,
India_001512.jpg,Normal,0,
India_001513.jpg,Normal,0,
India_001516.jpg,Pothole,2,"D40, D40"
India_001517.jpg,Crack,1,D00
India_001518.jpg,Normal,0,
India_001521.jpg,Normal,0,
India_001524.jpg,Pothole,2,D40
India_001525.jpg,Normal,0,
India_001526.jpg,Both,3,"D20, D40"
India_001527.jpg,Both,3,"D20, D40"
India_001528.jpg,Pothole,2,"D44, D40, D40, D40"
India_001531.jpg,Crack,1,"D20, D00, D00"
India_001533.jpg,Normal,0,
India_001534.jpg,Pothole,2,"D40, D40"
India_001536.jpg,Normal,0,"D44, D44"
India_001537.jpg,Crack,1,D00
India_001539.jpg,Normal,0,
India_001541.jpg,Crack,1,"D00, D20"
India_001542.jpg,Normal,0,"D44, D44"
India_001544.jpg,Normal,0,
India_001545.jpg,Normal,0,
India_001546.jpg,Normal,0,
India_001549.jpg,Normal,0,D44
India_001550.jpg,Both,3,"D00, D40, D40, D40, D40, D40, D40, D40, D40"
India_001551.jpg,Both,3,"D20, D40, D40"
India_001552.jpg,Both,3,"D40, D40, D40, D40, D40, D20"
India_001553.jpg,Pothole,2,D40
India_001555.jpg,Normal,0,D44
India_001556.jpg,Normal,0,
India_001558.jpg,Crack,1,D00
India_001559.jpg,Normal,0,
India_001560.jpg,Crack,1,D20
India_001561.jpg,Both,3,"D20, D40, D40"
India_001563.jpg,Crack,1,D20
India_001565.jpg,Normal,0,
India_001566.jpg,Both,3,"D00, D20, D10, D40, D40, D40"
India_001567.jpg,Crack,1,D20
India_001569.jpg,Normal,0,
India_001571.jpg,Normal,0,
India_001572.jpg,Normal,0,
India_001573.jpg,Normal,0,
India_001574.jpg,Crack,1,D20
India_001575.jpg,Pothole,2,D40
India_001576.jpg,Normal,0,
India_001578.jpg,Pothole,2,D40
India_001579.jpg,Normal,0,
India_001580.jpg,Pothole,2,D40
India_001581.jpg,Normal,0,
India_001582.jpg,Normal,0,
India_001583.jpg,Normal,0,
India_001584.jpg,Normal,0,"D44, D44"
India_001585.jpg,Both,3,"D20, D40, D40"
India_001586.jpg,Normal,0,
India_001587.jpg,Normal,0,
India_001588.jpg,Both,3,"D40, D40, D40, D40, D40, D00, D40"
India_001589.jpg,Normal,0,
India_001590.jpg,Crack,1,"D00, D20"
India_001591.jpg,Normal,0,
India_001592.jpg,Normal,0,
India_001593.jpg,Normal,0,
India_001594.jpg,Crack,1,D20
India_001595.jpg,Normal,0,D44
India_001596.jpg,Both,3,"D20, D00, D40, D40, D40, D40, D40, D40, D40"
India_001597.jpg,Normal,0,
India_001598.jpg,Normal,0,
India_001599.jpg,Crack,1,"D44, D20"
India_001601.jpg,Crack,1,D01
India_001604.jpg,Both,3,"D20, D20, D00, D40, D40"
India_001605.jpg,Both,3,"D00, D40"
India_001606.jpg,Normal,0,
India_001607.jpg,Normal,0,
India_001609.jpg,Normal,0,
India_001610.jpg,Normal,0,
India_001611.jpg,Crack,1,D20
India_001612.jpg,Normal,0,
India_001616.jpg,Normal,0,
India_001617.jpg,Normal,0,
India_001618.jpg,Normal,0,
India_001619.jpg,Normal,0,
India_001620.jpg,Pothole,2,"D40, D40"
India_001621.jpg,Normal,0,
India_001622.jpg,Normal,0,
India_001623.jpg,Crack,1,"D44, D20"
India_001625.jpg,Pothole,2,"D40, D40"
India_001626.jpg,Crack,1,D20
India_001627.jpg,Crack,1,"D00, D00"
India_001629.jpg,Normal,0,
India_001630.jpg,Crack,1,"D20, D00"
India_001633.jpg,Normal,0,
India_001634.jpg,Normal,0,
India_001635.jpg,Crack,1,D20
India_001636.jpg,Crack,1,D00
India_001637.jpg,Normal,0,
India_001640.jpg,Pothole,2,"D40, D40, D40"
India_001644.jpg,Normal,0,D44
India_001646.jpg,Normal,0,
India_001647.jpg,Normal,0,
India_001648.jpg,Both,3,"D20, D40, D40"
India_001649.jpg,Pothole,2,"D40, D40"
India_001651.jpg,Normal,0,
India_001652.jpg,Normal,0,
India_001653.jpg,Normal,0,
India_001655.jpg,Crack,1,"D20, D20"
India_001656.jpg,Normal,0,
India_001657.jpg,Crack,1,"D20, D00"
India_001658.jpg,Normal,0,
India_001659.jpg,Crack,1,"D20, D00"
India_001660.jpg,Crack,1,D20
India_001661.jpg,Normal,0,
India_001663.jpg,Normal,0,
India_001664.jpg,Normal,0,
India_001665.jpg,Normal,0,
India_001666.jpg,Crack,1,D20
India_001667.jpg,Normal,0,
India_001668.jpg,Crack,1,D20
India_001669.jpg,Crack,1,D20
India_001670.jpg,Normal,0,
India_001672.jpg,Normal,0,
India_001673.jpg,Both,3,"D40, D20"
India_001676.jpg,Normal,0,
India_001677.jpg,Normal,0,
India_001678.jpg,Normal,0,D44
India_001679.jpg,Crack,1,"D20, D20, D20"
India_001680.jpg,Both,3,"D20, D40"
India_001681.jpg,Normal,0,
India_001682.jpg,Crack,1,D20
India_001683.jpg,Normal,0,
India_001684.jpg,Pothole,2,"D40, D40"
India_001685.jpg,Normal,0,D44
India_001686.jpg,Normal,0,
India_001687.jpg,Both,3,"D40, D20, D40, D40, D40, D20"
India_001689.jpg,Pothole,2,"D40, D40"
India_001690.jpg,Pothole,2,D40
India_001692.jpg,Both,3,"D44, D40, D20"
India_001693.jpg,Crack,1,"D20, D00"
India_001694.jpg,Normal,0,
India_001695.jpg,Both,3,"D20, D44, D40, D40"
India_001696.jpg,Normal,0,
India_001697.jpg,Both,3,"D20, D40"
India_001698.jpg,Normal,0,
India_001700.jpg,Normal,0,"D44, D44"
India_001701.jpg,Normal,0,
India_001702.jpg,Crack,1,"D44, D20"
India_001703.jpg,Normal,0,D44
India_001704.jpg,Pothole,2,"D40, D40, D40, D40, D40, D40"
India_001706.jpg,Normal,0,
India_001708.jpg,Pothole,2,"D40, D40"
India_001709.jpg,Crack,1,"D20, D44"
India_001711.jpg,Normal,0,
India_001712.jpg,Normal,0,
India_001713.jpg,Normal,0,
India_001714.jpg,Normal,0,
India_001715.jpg,Crack,1,"D44, D20"
India_001716.jpg,Crack,1,D00
India_001717.jpg,Pothole,2,"D40, D40"
India_001719.jpg,Normal,0,
India_001720.jpg,Normal,0,
India_001722.jpg,Both,3,"D40, D40, D40, D40, D40, D40, D40, D20, D00, D00"
India_001723.jpg,Crack,1,D00
India_001724.jpg,Normal,0,
India_001727.jpg,Normal,0,
India_001728.jpg,Normal,0,
India_001729.jpg,Normal,0,
India_001730.jpg,Normal,0,
India_001732.jpg,Normal,0,
India_001733.jpg,Crack,1,D20
India_001734.jpg,Crack,1,D20
India_001735.jpg,Normal,0,
India_001736.jpg,Both,3,"D40, D00, D20, D20, D40, D40"
India_001737.jpg,Both,3,"D40, D40, D00"
India_001739.jpg,Crack,1,D00
India_001740.jpg,Normal,0,
India_001741.jpg,Normal,0,
India_001743.jpg,Normal,0,
India_001744.jpg,Pothole,2,"D40, D40, D40, D40"
India_001745.jpg,Normal,0,
India_001746.jpg,Crack,1,D00
India_001747.jpg,Crack,1,D00
India_001748.jpg,Normal,0,D43
India_001749.jpg,Normal,0,
India_001750.jpg,Normal,0,
India_001751.jpg,Crack,1,"D00, D20"
India_001752.jpg,Normal,0,
India_001753.jpg,Normal,0,
India_001755.jpg,Crack,1,"D00, D01, D11"
India_001756.jpg,Normal,0,
India_001757.jpg,Both,3,"D20, D40"
India_001759.jpg,Pothole,2,D40
India_001760.jpg,Normal,0,
India_001764.jpg,Normal,0,
India_001765.jpg,Crack,1,"D20, D20"
India_001766.jpg,Normal,0,
India_001767.jpg,Pothole,2,D40
India_001768.jpg,Normal,0,
India_001769.jpg,Crack,1,"D01, D01, D01, D01, D11, D11"
India_001772.jpg,Normal,0,
India_001773.jpg,Crack,1,"D44, D20"
India_001774.jpg,Normal,0,
India_001775.jpg,Normal,0,
India_001776.jpg,Crack,1,D20
India_001777.jpg,Normal,0,
India_001778.jpg,Normal,0,
India_001779.jpg,Both,3,"D00, D00, D40, D40"
India_001780.jpg,Normal,0,
India_001782.jpg,Crack,1,D10
India_001783.jpg,Pothole,2,"D40, D40, D40"
India_001785.jpg,Normal,0,
India_001786.jpg,Pothole,2,D40
India_001787.jpg,Both,3,"D20, D40"
India_001788.jpg,Normal,0,
India_001789.jpg,Crack,1,D20
India_001791.jpg,Normal,0,
India_001792.jpg,Normal,0,
India_001793.jpg,Normal,0,
India_001794.jpg,Normal,0,D50
India_001795.jpg,Normal,0,
India_001798.jpg,Pothole,2,D40
India_001799.jpg,Normal,0,
India_001800.jpg,Normal,0,"D44, D44"
India_001802.jpg,Normal,0,
India_001803.jpg,Crack,1,D00
India_001804.jpg,Normal,0,
India_001807.jpg,Normal,0,
India_001808.jpg,Both,3,"D00, D40, D40"
India_001809.jpg,Pothole,2,D40
India_001810.jpg,Normal,0,
India_001811.jpg,Normal,0,
India_001812.jpg,Both,3,"D20, D40, D40, D40, D40"
India_001813.jpg,Normal,0,
India_001815.jpg,Pothole,2,D40
India_001816.jpg,Normal,0,
India_001817.jpg,Pothole,2,"D40, D40, D40, D40"
India_001819.jpg,Normal,0,
India_001820.jpg,Pothole,2,"D44, D40, D40, D40"
India_001821.jpg,Both,3,"D40, D40, D40, D20"
India_001822.jpg,Normal,0,D44
India_001823.jpg,Normal,0,
India_001826.jpg,Normal,0,
India_001827.jpg,Crack,1,"D00, D00"
India_001829.jpg,Normal,0,
India_001830.jpg,Normal,0,
India_001831.jpg,Pothole,2,"D40, D40"
India_001832.jpg,Crack,1,"D44, D20"
India_001833.jpg,Normal,0,
India_001834.jpg,Normal,0,
India_001835.jpg,Normal,0,
India_001836.jpg,Crack,1,"D20, D20, D00"
India_001837.jpg,Crack,1,"D20, D00"
India_001838.jpg,Normal,0,
India_001839.jpg,Normal,0,
India_001840.jpg,Normal,0,
India_001841.jpg,Normal,0,
India_001842.jpg,Both,3,"D00, D40, D44, D44"
India_001843.jpg,Normal,0,
India_001844.jpg,Crack,1,"D44, D20, D00"
India_001845.jpg,Normal,0,
India_001846.jpg,Normal,0,
India_001848.jpg,Normal,0,
India_001849.jpg,Normal,0,
India_001850.jpg,Normal,0,
India_001851.jpg,Normal,0,
India_001852.jpg,Pothole,2,"D40, D40, D40, D40, D40, D40, D40, D40, D40, D40"
India_001853.jpg,Crack,1,D00
India_001854.jpg,Pothole,2,"D40, D40, D40, D40"
India_001855.jpg,Normal,0,
India_001856.jpg,Crack,1,D00
India_001857.jpg,Normal,0,
India_001858.jpg,Normal,0,
India_001859.jpg,Normal,0,
India_001860.jpg,Normal,0,
India_001861.jpg,Normal,0,D44
India_001863.jpg,Crack,1,D00
India_001864.jpg,Normal,0,
India_001865.jpg,Both,3,"D20, D20, D00, D00, D40"
India_001866.jpg,Pothole,2,"D40, D40"
India_001867.jpg,Normal,0,
India_001868.jpg,Normal,0,"D44, D44"
India_001869.jpg,Normal,0,D43
India_001870.jpg,Crack,1,"D01, D01"
India_001872.jpg,Pothole,2,D40
India_001873.jpg,Normal,0,
India_001876.jpg,Normal,0,
India_001877.jpg,Both,3,"D20, D40, D40"
India_001878.jpg,Normal,0,
India_001879.jpg,Normal,0,
India_001880.jpg,Normal,0,
India_001881.jpg,Crack,1,"D44, D20"
India_001883.jpg,Normal,0,
India_001884.jpg,Crack,1,D20
India_001886.jpg,Normal,0,
India_001887.jpg,Both,3,"D40, D20"
India_001888.jpg,Both,3,"D00, D20, D40, D40, D40, D40, D40"
India_001889.jpg,Normal,0,
India_001890.jpg,Both,3,"D20, D20, D40, D44"
India_001892.jpg,Normal,0,
India_001893.jpg,Normal,0,"D44, D44"
India_001894.jpg,Normal,0,
India_001896.jpg,Normal,0,
India_001897.jpg,Normal,0,
India_001900.jpg,Both,3,"D00, D40"
India_001902.jpg,Pothole,2,"D40, D40, D40, D40, D40"
India_001903.jpg,Pothole,2,D40
India_001904.jpg,Pothole,2,"D40, D40"
India_001905.jpg,Normal,0,
India_001906.jpg,Both,3,"D00, D40, D40"
India_001907.jpg,Both,3,"D20, D40"
India_001908.jpg,Pothole,2,D40
India_001909.jpg,Normal,0,
India_001910.jpg,Crack,1,"D01, D01, D11"
India_001911.jpg,Crack,1,"D44, D44, D01"
India_001912.jpg,Normal,0,D44
India_001913.jpg,Crack,1,"D00, D20"
India_001914.jpg,Crack,1,D00
India_001915.jpg,Normal,0,D44
India_001916.jpg,Normal,0,
India_001917.jpg,Normal,0,
India_001918.jpg,Normal,0,
India_001919.jpg,Normal,0,
India_001922.jpg,Normal,0,
India_001923.jpg,Pothole,2,D40
India_001924.jpg,Normal,0,
India_001925.jpg,Pothole,2,"D40, D40"
India_001927.jpg,Normal,0,
India_001928.jpg,Normal,0,
India_001929.jpg,Normal,0,
India_001932.jpg,Both,3,"D40, D20, D40, D40"
India_001933.jpg,Normal,0,
India_001934.jpg,Normal,0,
India_001935.jpg,Crack,1,"D20, D10"
India_001936.jpg,Normal,0,D50
India_001939.jpg,Pothole,2,"D40, D40"
India_001941.jpg,Normal,0,
India_001943.jpg,Normal,0,
India_001944.jpg,Normal,0,
India_001945.jpg,Normal,0,
India_001946.jpg,Normal,0,
India_001948.jpg,Normal,0,
India_001949.jpg,Crack,1,"D00, D00, D20"
India_001952.jpg,Normal,0,D44
India_001953.jpg,Normal,0,
India_001954.jpg,Crack,1,D20
India_001955.jpg,Normal,0,
India_001956.jpg,Normal,0,
India_001957.jpg,Crack,1,D20
India_001958.jpg,Crack,1,D20
India_001959.jpg,Normal,0,
India_001960.jpg,Normal,0,D43
India_001962.jpg,Normal,0,
India_001963.jpg,Crack,1,D00
India_001964.jpg,Normal,0,
India_001966.jpg,Crack,1,"D00, D20"
India_001967.jpg,Both,3,"D40, D20"
India_001969.jpg,Both,3,"D00, D00, D40"
India_001970.jpg,Crack,1,D00
India_001971.jpg,Normal,0,"D44, D44, D44"
India_001972.jpg,Normal,0,
India_001974.jpg,Crack,1,D00
India_001977.jpg,Both,3,"D40, D40, D20"
India_001978.jpg,Normal,0,
India_001979.jpg,Normal,0,
India_001980.jpg,Normal,0,D44
India_001981.jpg,Normal,0,
India_001982.jpg,Crack,1,D20
India_001983.jpg,Pothole,2,"D40, D40"
India_001984.jpg,Both,3,"D40, D20"
India_001985.jpg,Normal,0,
India_001986.jpg,Normal,0,D44
India_001987.jpg,Normal,0,
India_001988.jpg,Crack,1,D20
India_001989.jpg,Pothole,2,D40
India_001990.jpg,Normal,0,
India_001992.jpg,Normal,0,
India_001993.jpg,Normal,0,D44
India_001994.jpg,Normal,0,
India_001995.jpg,Normal,0,
India_001996.jpg,Pothole,2,"D40, D40"
India_001998.jpg,Normal,0,
India_001999.jpg,Normal,0,
India_002000.jpg,Normal,0,
India_002002.jpg,Normal,0,
India_002003.jpg,Normal,0,
India_002004.jpg,Crack,1,"D01, D11"
India_002005.jpg,Normal,0,
India_002006.jpg,Normal,0,
India_002007.jpg,Both,3,"D00, D40, D40"
India_002008.jpg,Normal,0,
India_002009.jpg,Crack,1,"D20, D00"
India_002010.jpg,Both,3,"D20, D40"
India_002011.jpg,Crack,1,"D20, D20"
India_002013.jpg,Crack,1,D20
India_002014.jpg,Crack,1,"D00, D00, D00"
India_002015.jpg,Normal,0,
India_002017.jpg,Crack,1,"D20, D44"
India_002018.jpg,Normal,0,"D44, D44"
India_002020.jpg,Pothole,2,"D40, D40, D40, D40, D40, D40, D40, D40"
India_002021.jpg,Normal,0,
India_002022.jpg,Crack,1,D20
India_002023.jpg,Both,3,"D40, D20, D20"
India_002024.jpg,Crack,1,D20
India_002025.jpg,Crack,1,D20
India_002026.jpg,Crack,1,D20
India_002027.jpg,Normal,0,
India_002028.jpg,Normal,0,
India_002029.jpg,Normal,0,
India_002030.jpg,Crack,1,D20
India_002031.jpg,Crack,1,"D44, D20, D20"
India_002032.jpg,Normal,0,
India_002033.jpg,Normal,0,
India_002034.jpg,Crack,1,D00
India_002035.jpg,Normal,0,
India_002039.jpg,Normal,0,
India_002040.jpg,Normal,0,"D44, D44"
India_002044.jpg,Normal,0,
India_002045.jpg,Normal,0,
India_002046.jpg,Crack,1,"D20, D20"
India_002047.jpg,Both,3,"D40, D20"
India_002048.jpg,Pothole,2,D40
India_002049.jpg,Both,3,"D40, D20"
India_002050.jpg,Normal,0,
India_002051.jpg,Crack,1,"D20, D20, D00"
India_002052.jpg,Pothole,2,D40
India_002056.jpg,Normal,0,
India_002057.jpg,Normal,0,
India_002059.jpg,Normal,0,
India_002060.jpg,Normal,0,
India_002061.jpg,Crack,1,"D00, D00, D00, D44, D44"
India_002062.jpg,Normal,0,
India_002063.jpg,Pothole,2,D40
India_002064.jpg,Pothole,2,"D40, D40, D40, D40"
India_002065.jpg,Crack,1,"D44, D20"
India_002066.jpg,Pothole,2,D40
India_002067.jpg,Crack,1,"D20, D44"
India_002068.jpg,Crack,1,"D20, D43"
India_002069.jpg,Both,3,"D20, D20, D40"
India_002070.jpg,Both,3,"D40, D40, D20"
India_002071.jpg,Normal,0,D44
India_002072.jpg,Normal,0,
India_002074.jpg,Pothole,2,"D40, D40"
India_002075.jpg,Normal,0,
India_002076.jpg,Normal,0,
India_002077.jpg,Normal,0,
India_002078.jpg,Normal,0,D44
India_002079.jpg,Both,3,"D00, D40"
India_002080.jpg,Normal,0,
India_002082.jpg,Both,3,"D20, D40, D40"
India_002084.jpg,Crack,1,"D00, D00"
India_002085.jpg,Pothole,2,D40
India_002087.jpg,Both,3,"D40, D40, D40, D00, D44"
India_002088.jpg,Normal,0,
India_002089.jpg,Both,3,"D20, D40, D40"
India_002092.jpg,Normal,0,
India_002093.jpg,Normal,0,
India_002094.jpg,Normal,0,
India_002095.jpg,Both,3,"D20, D40"
India_002096.jpg,Normal,0,
India_002097.jpg,Normal,0,
India_002098.jpg,Pothole,2,"D44, D44, D40"
India_002099.jpg,Crack,1,"D20, D44"
India_002100.jpg,Crack,1,D20
India_002101.jpg,Crack,1,D20
India_002102.jpg,Normal,0,
India_002103.jpg,Normal,0,
India_002105.jpg,Crack,1,"D20, D20"
India_002106.jpg,Both,3,"D20, D20, D40, D40"
India_002107.jpg,Crack,1,"D00, D20"
India_002109.jpg,Normal,0,
India_002110.jpg,Normal,0,
India_002111.jpg,Crack,1,D00
India_002112.jpg,Pothole,2,"D40, D40, D40"
India_002113.jpg,Crack,1,"D20, D20, D43"
India_002114.jpg,Both,3,"D00, D40, D20"
India_002115.jpg,Normal,0,"D44, D44"
India_002117.jpg,Normal,0,
India_002118.jpg,Pothole,2,D40
India_002119.jpg,Both,3,"D40, D00"
India_002121.jpg,Both,3,"D40, D00, D40"
India_002122.jpg,Pothole,2,"D40, D40"
India_002124.jpg,Pothole,2,"D40, D40, D40, D40, D40"
India_002125.jpg,Crack,1,D20
India_002126.jpg,Normal,0,
India_002127.jpg,Normal,0,
India_002128.jpg,Normal,0,
India_002129.jpg,Crack,1,D00
India_002130.jpg,Normal,0,
India_002132.jpg,Crack,1,D00
India_002133.jpg,Pothole,2,D40
India_002134.jpg,Normal,0,D44
India_002135.jpg,Pothole,2,D40
India_002136.jpg,Normal,0,
India_002137.jpg,Both,3,"D40, D00, D20"
India_002138.jpg,Normal,0,
India_002139.jpg,Normal,0,
India_002140.jpg,Normal,0,
India_002141.jpg,Normal,0,
India_002142.jpg,Normal,0,
India_002143.jpg,Crack,1,D00
India_002144.jpg,Normal,0,
India_002145.jpg,Normal,0,
India_002146.jpg,Normal,0,
India_002148.jpg,Pothole,2,D40
India_002149.jpg,Normal,0,"D44, D44, D44"
India_002150.jpg,Crack,1,D00
India_002152.jpg,Normal,0,D44
India_002153.jpg,Normal,0,
India_002154.jpg,Pothole,2,D40
India_002155.jpg,Normal,0,
India_002161.jpg,Normal,0,
India_002162.jpg,Normal,0,D44
India_002163.jpg,Normal,0,
India_002164.jpg,Normal,0,
India_002165.jpg,Normal,0,
India_002166.jpg,Normal,0,
India_002167.jpg,Crack,1,"D00, D00"
India_002168.jpg,Normal,0,
India_002169.jpg,Normal,0,
India_002171.jpg,Normal,0,
India_002172.jpg,Crack,1,D20
India_002173.jpg,Crack,1,"D00, D00, D20"
India_002174.jpg,Normal,0,
India_002175.jpg,Crack,1,"D00, D00"
India_002177.jpg,Normal,0,"D44, D44"
India_002178.jpg,Normal,0,
India_002179.jpg,Crack,1,D20
India_002180.jpg,Crack,1,"D10, D10"
India_002182.jpg,Normal,0,
India_002183.jpg,Normal,0,
India_002184.jpg,Crack,1,"D00, D00"
India_002186.jpg,Normal,0,
India_002187.jpg,Crack,1,D20
India_002188.jpg,Normal,0,
India_002189.jpg,Normal,0,
India_002191.jpg,Crack,1,"D44, D00"
India_002192.jpg,Crack,1,D20
India_002194.jpg,Crack,1,"D20, D20"
India_002197.jpg,Normal,0,
India_002198.jpg,Normal,0,
India_002200.jpg,Pothole,2,D40
India_002201.jpg,Both,3,"D20, D20, D40, D40, D00"
India_002203.jpg,Normal,0,
India_002204.jpg,Normal,0,
India_002205.jpg,Normal,0,
India_002206.jpg,Pothole,2,D40
India_002207.jpg,Both,3,"D40, D20"
India_002208.jpg,Normal,0,
India_002209.jpg,Crack,1,D20
India_002210.jpg,Normal,0,D44
India_002211.jpg,Crack,1,"D01, D01"
India_002212.jpg,Normal,0,
India_002213.jpg,Normal,0,
India_002214.jpg,Normal,0,
India_002215.jpg,Crack,1,D20
India_002216.jpg,Crack,1,D20
India_002217.jpg,Normal,0,
India_002218.jpg,Normal,0,
India_002219.jpg,Crack,1,D20
India_002220.jpg,Normal,0,
India_002222.jpg,Both,3,"D40, D40, D40, D40, D00"
India_002224.jpg,Normal,0,
India_002225.jpg,Normal,0,
India_002226.jpg,Normal,0,
India_002227.jpg,Pothole,2,"D40, D40, D40"
India_002228.jpg,Normal,0,
India_002229.jpg,Normal,0,
India_002230.jpg,Crack,1,"D20, D20, D00"
India_002233.jpg,Crack,1,D20
India_002235.jpg,Normal,0,
India_002236.jpg,Normal,0,
India_002237.jpg,Normal,0,
India_002238.jpg,Crack,1,D00
India_002239.jpg,Normal,0,
India_002242.jpg,Crack,1,"D20, D44"
India_002244.jpg,Normal,0,
India_002245.jpg,Normal,0,
India_002246.jpg,Normal,0,
India_002247.jpg,Both,3,"D40, D20"
India_002248.jpg,Pothole,2,"D40, D40, D40"
India_002249.jpg,Both,3,"D40, D40, D00, D40, D20"
India_002250.jpg,Pothole,2,"D40, D40, D40"
India_002251.jpg,Normal,0,
India_002253.jpg,Pothole,2,"D40, D40"
India_002254.jpg,Normal,0,
India_002255.jpg,Normal,0,
India_002256.jpg,Crack,1,"D20, D00, D00"
India_002261.jpg,Normal,0,
India_002262.jpg,Crack,1,D20
India_002263.jpg,Normal,0,
India_002264.jpg,Normal,0,
India_002265.jpg,Normal,0,
India_002267.jpg,Normal,0,
India_002268.jpg,Normal,0,D44
India_002269.jpg,Normal,0,
India_002271.jpg,Normal,0,
India_002272.jpg,Normal,0,
India_002273.jpg,Normal,0,
India_002274.jpg,Normal,0,
India_002275.jpg,Normal,0,
India_002278.jpg,Normal,0,
India_002279.jpg,Crack,1,D10
India_002280.jpg,Normal,0,
India_002281.jpg,Crack,1,D20
India_002282.jpg,Normal,0,
India_002283.jpg,Normal,0,
India_002284.jpg,Crack,1,"D20, D20"
India_002285.jpg,Normal,0,D50
India_002286.jpg,Crack,1,"D20, D44"
India_002287.jpg,Normal,0,
India_002288.jpg,Normal,0,
India_002290.jpg,Crack,1,D20
India_002292.jpg,Normal,0,
India_002293.jpg,Pothole,2,"D40, D44"
India_002296.jpg,Normal,0,
India_002297.jpg,Crack,1,D00
India_002298.jpg,Normal,0,
India_002299.jpg,Crack,1,D00
India_002300.jpg,Normal,0,
India_002301.jpg,Crack,1,"D20, D00, D00, D00, D00, D00"
India_002303.jpg,Normal,0,
India_002304.jpg,Crack,1,D00
India_002305.jpg,Pothole,2,"D40, D40, D40"
India_002307.jpg,Crack,1,"D20, D44"
India_002308.jpg,Normal,0,
India_002309.jpg,Normal,0,
India_002310.jpg,Normal,0,
India_002311.jpg,Normal,0,
India_002312.jpg,Normal,0,
India_002315.jpg,Normal,0,
India_002317.jpg,Normal,0,
India_002318.jpg,Pothole,2,"D40, D40, D40"
India_002319.jpg,Both,3,"D40, D00"
India_002320.jpg,Crack,1,"D00, D00"
India_002321.jpg,Crack,1,"D20, D20"
India_002322.jpg,Normal,0,"D44, D44"
India_002323.jpg,Normal,0,
India_002324.jpg,Normal,0,
India_002326.jpg,Normal,0,
India_002327.jpg,Normal,0,
India_002329.jpg,Normal,0,
India_002330.jpg,Crack,1,"D00, D20"
India_002331.jpg,Pothole,2,"D40, D40"
India_002332.jpg,Normal,0,
India_002333.jpg,Normal,0,
India_002334.jpg,Normal,0,
India_002336.jpg,Normal,0,
India_002337.jpg,Crack,1,D20
India_002339.jpg,Normal,0,
India_002340.jpg,Pothole,2,D40
India_002341.jpg,Both,3,"D40, D40, D20, D40"
India_002342.jpg,Pothole,2,"D40, D40"
India_002343.jpg,Normal,0,
India_002344.jpg,Crack,1,D20
India_002345.jpg,Pothole,2,D40
India_002347.jpg,Normal,0,
India_002348.jpg,Crack,1,"D00, D20"
India_002349.jpg,Crack,1,"D00, D00, D20"
India_002350.jpg,Normal,0,
India_002351.jpg,Normal,0,
India_002352.jpg,Crack,1,"D00, D20"
India_002354.jpg,Normal,0,
India_002356.jpg,Normal,0,
India_002357.jpg,Normal,0,
India_002358.jpg,Normal,0,
India_002360.jpg,Normal,0,
India_002361.jpg,Normal,0,
India_002363.jpg,Both,3,"D00, D00, D40"
India_002364.jpg,Crack,1,D20
India_002366.jpg,Crack,1,"D20, D00"
India_002368.jpg,Crack,1,D20
India_002369.jpg,Normal,0,D44
India_002371.jpg,Pothole,2,D40
India_002372.jpg,Crack,1,D00
India_002373.jpg,Normal,0,
India_002376.jpg,Pothole,2,"D40, D40, D40, D40"
India_002378.jpg,Crack,1,"D44, D20"
India_002379.jpg,Crack,1,"D00, D44, D20"
India_002380.jpg,Normal,0,
India_002381.jpg,Normal,0,
India_002383.jpg,Normal,0,
India_002384.jpg,Normal,0,"D44, D44"
India_002385.jpg,Both,3,"D00, D40"
India_002386.jpg,Crack,1,"D20, D20"
India_002387.jpg,Normal,0,
India_002388.jpg,Normal,0,
India_002390.jpg,Pothole,2,"D40, D40"
India_002392.jpg,Normal,0,D44
India_002393.jpg,Normal,0,
India_002394.jpg,Normal,0,
India_002395.jpg,Pothole,2,"D40, D40, D40"
India_002396.jpg,Crack,1,"D01, D01, D01, D01, D11, D01, D01"
India_002397.jpg,Normal,0,
India_002398.jpg,Crack,1,"D20, D00"
India_002400.jpg,Crack,1,"D00, D00"
India_002401.jpg,Normal,0,
India_002402.jpg,Normal,0,
India_002404.jpg,Both,3,"D40, D40, D40, D40, D00, D20, D40, D10"
India_002405.jpg,Both,3,"D20, D40"
India_002406.jpg,Normal,0,
India_002407.jpg,Normal,0,
India_002409.jpg,Normal,0,D44
India_002410.jpg,Pothole,2,D40
India_002411.jpg,Both,3,"D40, D20"
India_002412.jpg,Normal,0,
India_002413.jpg,Normal,0,
India_002416.jpg,Normal,0,
India_002417.jpg,Normal,0,
India_002418.jpg,Normal,0,
India_002419.jpg,Both,3,"D00, D40, D40, D40, D40, D40"
India_002421.jpg,Normal,0,
India_002426.jpg,Pothole,2,"D40, D40, D40"
India_002428.jpg,Both,3,"D20, D00, D40"
India_002429.jpg,Pothole,2,"D40, D40"
India_002431.jpg,Normal,0,
India_002432.jpg,Normal,0,
India_002433.jpg,Normal,0,
India_002434.jpg,Normal,0,
India_002435.jpg,Normal,0,
India_002436.jpg,Normal,0,
India_002437.jpg,Crack,1,"D20, D00"
India_002438.jpg,Normal,0,
India_002439.jpg,Normal,0,
India_002443.jpg,Normal,0,
India_002447.jpg,Both,3,"D00, D40"
India_002448.jpg,Normal,0,
India_002449.jpg,Crack,1,"D20, D20"
India_002450.jpg,Crack,1,"D20, D20, D00"
India_002451.jpg,Normal,0,
India_002455.jpg,Crack,1,"D44, D20, D20"
India_002456.jpg,Normal,0,
India_002459.jpg,Pothole,2,D40
India_002461.jpg,Normal,0,
India_002462.jpg,Normal,0,
India_002463.jpg,Normal,0,
India_002464.jpg,Crack,1,"D20, D44, D44"
India_002465.jpg,Normal,0,
India_002466.jpg,Crack,1,D00
India_002467.jpg,Normal,0,
India_002469.jpg,Normal,0,
India_002470.jpg,Crack,1,"D00, D00"
India_002471.jpg,Normal,0,
India_002472.jpg,Normal,0,D44
India_002473.jpg,Normal,0,
India_002474.jpg,Normal,0,
India_002475.jpg,Normal,0,
India_002478.jpg,Normal,0,
India_002480.jpg,Crack,1,"D00, D20"
India_002481.jpg,Normal,0,
India_002482.jpg,Normal,0,
India_002483.jpg,Normal,0,
India_002484.jpg,Normal,0,
India_002485.jpg,Normal,0,
India_002486.jpg,Normal,0,
India_002487.jpg,Both,3,"D40, D40, D40, D00, D20, D40"
India_002488.jpg,Normal,0,
India_002490.jpg,Normal,0,
India_002492.jpg,Normal,0,D44
India_002493.jpg,Normal,0,"D44, D44"
India_002494.jpg,Crack,1,D20
India_002496.jpg,Both,3,"D20, D40, D40"
India_002497.jpg,Both,3,"D40, D20"
India_002498.jpg,Pothole,2,"D44, D40, D40, D40"
India_002499.jpg,Both,3,"D40, D40, D40, D20"
India_002500.jpg,Normal,0,
India_002502.jpg,Normal,0,
India_002503.jpg,Crack,1,"D00, D10, D10, D00"
India_002504.jpg,Normal,0,
India_002505.jpg,Normal,0,
India_002506.jpg,Normal,0,
India_002507.jpg,Normal,0,
India_002508.jpg,Crack,1,D00
India_002509.jpg,Both,3,"D40, D00, D20, D20, D20"
India_002510.jpg,Normal,0,
India_002512.jpg,Crack,1,D20
India_002515.jpg,Normal,0,
India_002516.jpg,Pothole,2,D40
India_002517.jpg,Normal,0,
India_002519.jpg,Normal,0,
India_002520.jpg,Normal,0,
India_002521.jpg,Crack,1,"D44, D44, D01, D01"
India_002522.jpg,Crack,1,"D20, D00, D00"
India_002523.jpg,Pothole,2,"D40, D40, D40"
India_002524.jpg,Normal,0,
India_002525.jpg,Normal,0,
India_002527.jpg,Normal,0,
India_002528.jpg,Normal,0,
India_002530.jpg,Normal,0,
India_002532.jpg,Normal,0,
India_002533.jpg,Normal,0,
India_002534.jpg,Normal,0,
India_002535.jpg,Normal,0,
India_002536.jpg,Normal,0,
India_002537.jpg,Normal,0,
India_002538.jpg,Normal,0,
India_002539.jpg,Normal,0,
India_002540.jpg,Normal,0,
India_002541.jpg,Normal,0,
India_002543.jpg,Normal,0,
India_002544.jpg,Crack,1,D20
India_002546.jpg,Normal,0,
India_002547.jpg,Normal,0,
India_002548.jpg,Normal,0,
India_002549.jpg,Pothole,2,"D40, D40"
India_002550.jpg,Both,3,"D40, D40, D20"
India_002551.jpg,Crack,1,"D20, D00"
India_002552.jpg,Normal,0,
India_002553.jpg,Both,3,"D20, D40"
India_002554.jpg,Normal,0,
India_002555.jpg,Normal,0,
India_002556.jpg,Crack,1,"D10, D00"
India_002557.jpg,Crack,1,"D00, D00, D00"
India_002558.jpg,Crack,1,"D20, D20"
India_002560.jpg,Normal,0,
India_002562.jpg,Pothole,2,"D40, D40, D40, D40, D40"
India_002563.jpg,Pothole,2,"D40, D40"
India_002564.jpg,Normal,0,
India_002565.jpg,Crack,1,D20
India_002566.jpg,Crack,1,"D20, D00"
India_002567.jpg,Pothole,2,D40
India_002569.jpg,Normal,0,
India_002570.jpg,Pothole,2,D40
India_002572.jpg,Normal,0,
India_002573.jpg,Pothole,2,"D44, D40"
India_002574.jpg,Normal,0,
India_002575.jpg,Normal,0,
India_002576.jpg,Crack,1,"D00, D20, D20, D00"
India_002578.jpg,Normal,0,"D44, D44"
India_002579.jpg,Normal,0,
India_002580.jpg,Normal,0,
India_002581.jpg,Normal,0,
India_002582.jpg,Crack,1,D20
India_002583.jpg,Normal,0,
India_002585.jpg,Pothole,2,D40
India_002586.jpg,Normal,0,
India_002587.jpg,Normal,0,
India_002588.jpg,Crack,1,D01
India_002589.jpg,Normal,0,"D44, D44"
India_002590.jpg,Normal,0,D44
India_002591.jpg,Pothole,2,D40
India_002592.jpg,Crack,1,D20
India_002593.jpg,Pothole,2,D40
India_002594.jpg,Both,3,"D40, D20, D20"
India_002595.jpg,Normal,0,
India_002596.jpg,Normal,0,D44
India_002598.jpg,Normal,0,
India_002600.jpg,Normal,0,
India_002602.jpg,Normal,0,
India_002603.jpg,Normal,0,
India_002604.jpg,Normal,0,
India_002605.jpg,Crack,1,D20
India_002606.jpg,Normal,0,
India_002607.jpg,Normal,0,
India_002608.jpg,Pothole,2,"D40, D40, D40, D40"
India_002609.jpg,Normal,0,
India_002610.jpg,Normal,0,
India_002611.jpg,Crack,1,"D20, D00, D00"
India_002612.jpg,Normal,0,
India_002613.jpg,Normal,0,
India_002614.jpg,Crack,1,"D20, D00"
India_002615.jpg,Normal,0,
India_002616.jpg,Crack,1,"D20, D00"
India_002617.jpg,Normal,0,
India_002618.jpg,Crack,1,"D00, D44"
India_002619.jpg,Normal,0,D44
India_002620.jpg,Normal,0,D44
India_002621.jpg,Normal,0,
India_002622.jpg,Normal,0,
India_002623.jpg,Normal,0,
India_002624.jpg,Normal,0,
India_002625.jpg,Normal,0,
India_002628.jpg,Normal,0,
India_002629.jpg,Crack,1,D00
India_002631.jpg,Normal,0,
India_002632.jpg,Normal,0,
India_002636.jpg,Normal,0,
India_002637.jpg,Normal,0,
India_002638.jpg,Normal,0,
India_002640.jpg,Normal,0,
India_002642.jpg,Both,3,"D40, D00, D00"
India_002643.jpg,Normal,0,
India_002644.jpg,Crack,1,"D20, D00"
India_002645.jpg,Normal,0,
India_002646.jpg,Crack,1,"D00, D00, D00, D10, D20"
India_002647.jpg,Normal,0,D44
India_002648.jpg,Normal,0,
India_002652.jpg,Crack,1,"D20, D00"
India_002653.jpg,Normal,0,
India_002654.jpg,Normal,0,
India_002655.jpg,Normal,0,D44
India_002656.jpg,Crack,1,D00
India_002657.jpg,Normal,0,
India_002658.jpg,Pothole,2,D40
India_002659.jpg,Normal,0,
India_002662.jpg,Normal,0,D44
India_002664.jpg,Pothole,2,D40
India_002665.jpg,Pothole,2,D40
India_002666.jpg,Crack,1,"D43, D20"
India_002667.jpg,Pothole,2,D40
India_002668.jpg,Crack,1,"D00, D20"
India_002670.jpg,Normal,0,
India_002671.jpg,Normal,0,
India_002672.jpg,Normal,0,
India_002673.jpg,Pothole,2,D40
India_002674.jpg,Normal,0,
India_002675.jpg,Normal,0,
India_002676.jpg,Normal,0,
India_002678.jpg,Both,3,"D00, D40"
India_002679.jpg,Pothole,2,"D40, D40"
India_002680.jpg,Normal,0,
India_002681.jpg,Both,3,"D40, D40, D00"
India_002685.jpg,Pothole,2,D40
India_002686.jpg,Normal,0,"D44, D44"
India_002689.jpg,Crack,1,D20
India_002690.jpg,Normal,0,
India_002692.jpg,Normal,0,
India_002693.jpg,Normal,0,
India_002695.jpg,Normal,0,
India_002696.jpg,Both,3,"D40, D40, D00, D00, D00, D20"
India_002697.jpg,Normal,0,D43
India_002698.jpg,Normal,0,
India_002699.jpg,Normal,0,
India_002700.jpg,Crack,1,"D00, D20"
India_002702.jpg,Both,3,"D40, D20"
India_002703.jpg,Crack,1,D00
India_002704.jpg,Normal,0,
India_002705.jpg,Crack,1,D00
India_002706.jpg,Normal,0,
India_002708.jpg,Both,3,"D40, D00, D40"
India_002710.jpg,Crack,1,"D00, D00, D00"
India_002711.jpg,Normal,0,
India_002712.jpg,Normal,0,
India_002713.jpg,Both,3,"D20, D40"
India_002714.jpg,Both,3,"D40, D20, D00"
India_002716.jpg,Crack,1,D00
India_002717.jpg,Crack,1,"D20, D00, D00"
India_002718.jpg,Normal,0,
India_002720.jpg,Normal,0,
India_002722.jpg,Normal,0,
India_002723.jpg,Crack,1,D00
India_002724.jpg,Normal,0,
India_002725.jpg,Crack,1,"D00, D00"
India_002726.jpg,Crack,1,"D00, D00"
India_002727.jpg,Normal,0,
India_002729.jpg,Crack,1,D20
India_002730.jpg,Crack,1,D20
India_002732.jpg,Normal,0,
India_002734.jpg,Normal,0,
India_002735.jpg,Pothole,2,D40
India_002736.jpg,Normal,0,
India_002737.jpg,Crack,1,D00
India_002739.jpg,Crack,1,D00
India_002741.jpg,Normal,0,
India_002742.jpg,Normal,0,
India_002743.jpg,Normal,0,
India_002745.jpg,Both,3,"D40, D40, D20, D00"
India_002746.jpg,Normal,0,
India_002747.jpg,Normal,0,
India_002748.jpg,Normal,0,
India_002749.jpg,Crack,1,"D20, D44"
India_002750.jpg,Normal,0,
India_002751.jpg,Normal,0,D44
India_002752.jpg,Normal,0,D44
India_002753.jpg,Normal,0,
India_002754.jpg,Normal,0,
India_002755.jpg,Normal,0,
India_002756.jpg,Normal,0,
India_002757.jpg,Both,3,"D40, D40, D40, D00"
India_002759.jpg,Pothole,2,D40
India_002763.jpg,Normal,0,
India_002765.jpg,Normal,0,
India_002766.jpg,Normal,0,
India_002767.jpg,Normal,0,
India_002768.jpg,Normal,0,
India_002770.jpg,Normal,0,
India_002771.jpg,Pothole,2,D40
India_002772.jpg,Both,3,"D40, D40, D00, D00, D40"
India_002774.jpg,Normal,0,
India_002775.jpg,Both,3,"D40, D40, D00, D00"
India_002776.jpg,Normal,0,
India_002777.jpg,Both,3,"D20, D40"
India_002780.jpg,Normal,0,"D44, D44, D44"
India_002781.jpg,Normal,0,
India_002782.jpg,Normal,0,D44
India_002784.jpg,Both,3,"D40, D40, D40, D40, D40, D00, D20"
India_002786.jpg,Normal,0,
India_002787.jpg,Crack,1,"D44, D20"
India_002788.jpg,Normal,0,D44
India_002789.jpg,Normal,0,
India_002790.jpg,Pothole,2,"D40, D40"
India_002792.jpg,Normal,0,
India_002793.jpg,Both,3,"D40, D40, D40, D40, D40, D40, D40, D20, D40, D20, D20, D40, D00"
India_002795.jpg,Both,3,"D40, D40, D40, D20"
India_002796.jpg,Normal,0,
India_002797.jpg,Normal,0,
India_002798.jpg,Normal,0,
India_002799.jpg,Normal,0,
India_002801.jpg,Normal,0,D44
India_002803.jpg,Normal,0,
India_002804.jpg,Both,3,"D00, D40, D20"
India_002806.jpg,Normal,0,
India_002808.jpg,Normal,0,
India_002810.jpg,Pothole,2,D40
India_002811.jpg,Normal,0,
India_002813.jpg,Normal,0,
India_002815.jpg,Crack,1,D20
India_002816.jpg,Normal,0,
India_002817.jpg,Normal,0,D44
India_002818.jpg,Both,3,"D00, D40"
India_002819.jpg,Normal,0,D44
India_002820.jpg,Normal,0,
India_002821.jpg,Crack,1,"D44, D00, D20"
India_002822.jpg,Normal,0,
India_002823.jpg,Normal,0,
India_002824.jpg,Normal,0,
India_002825.jpg,Normal,0,
India_002827.jpg,Normal,0,
India_002828.jpg,Normal,0,
India_002829.jpg,Normal,0,
India_002832.jpg,Pothole,2,"D40, D40"
India_002834.jpg,Normal,0,
India_002835.jpg,Normal,0,D44
India_002836.jpg,Normal,0,
India_002837.jpg,Normal,0,
India_002838.jpg,Normal,0,
India_002839.jpg,Crack,1,D20
India_002840.jpg,Normal,0,D44
India_002841.jpg,Normal,0,
India_002842.jpg,Normal,0,
India_002843.jpg,Both,3,"D20, D40"
India_002844.jpg,Normal,0,
India_002845.jpg,Normal,0,
India_002846.jpg,Pothole,2,D40
India_002847.jpg,Crack,1,"D00, D00"
India_002849.jpg,Crack,1,"D20, D43"
India_002850.jpg,Normal,0,
India_002851.jpg,Crack,1,D01
India_002852.jpg,Normal,0,
India_002853.jpg,Normal,0,
India_002854.jpg,Pothole,2,D40
India_002855.jpg,Normal,0,
India_002856.jpg,Normal,0,
India_002858.jpg,Crack,1,"D00, D20, D20"
India_002859.jpg,Normal,0,
India_002860.jpg,Pothole,2,"D44, D40, D44"
India_002862.jpg,Normal,0,
India_002863.jpg,Normal,0,
India_002864.jpg,Normal,0,
India_002865.jpg,Normal,0,
India_002867.jpg,Normal,0,
India_002868.jpg,Normal,0,
India_002869.jpg,Normal,0,
India_002870.jpg,Normal,0,
India_002871.jpg,Pothole,2,"D40, D40, D40"
India_002873.jpg,Crack,1,"D20, D00"
India_002875.jpg,Both,3,"D40, D20"
India_002877.jpg,Both,3,"D00, D00, D00, D40, D40"
India_002878.jpg,Normal,0,
India_002880.jpg,Both,3,"D00, D40, D44"
India_002881.jpg,Pothole,2,D40
India_002882.jpg,Normal,0,
India_002883.jpg,Normal,0,
India_002884.jpg,Crack,1,"D20, D20, D44"
India_002885.jpg,Normal,0,"D44, D44"
India_002886.jpg,Normal,0,
India_002889.jpg,Pothole,2,D40
India_002890.jpg,Normal,0,
India_002891.jpg,Normal,0,
India_002892.jpg,Crack,1,"D20, D44"
India_002893.jpg,Normal,0,
India_002894.jpg,Pothole,2,"D40, D40"
India_002895.jpg,Crack,1,"D20, D00, D00"
India_002896.jpg,Normal,0,D44
India_002898.jpg,Normal,0,
India_002899.jpg,Normal,0,
India_002900.jpg,Crack,1,"D44, D20"
India_002901.jpg,Pothole,2,D40
India_002903.jpg,Both,3,"D00, D00, D40"
India_002904.jpg,Normal,0,
India_002905.jpg,Crack,1,D00
India_002906.jpg,Normal,0,
India_002907.jpg,Normal,0,
India_002909.jpg,Normal,0,D44
India_002910.jpg,Normal,0,
India_002912.jpg,Normal,0,
India_002913.jpg,Normal,0,
India_002914.jpg,Pothole,2,"D40, D40"
India_002915.jpg,Normal,0,
India_002916.jpg,Normal,0,
India_002917.jpg,Normal,0,
India_002919.jpg,Normal,0,
India_002921.jpg,Pothole,2,D40
India_002922.jpg,Normal,0,
India_002923.jpg,Normal,0,
India_002924.jpg,Both,3,"D40, D00, D40, D40, D40"
India_002925.jpg,Both,3,"D00, D00, D40"
India_002926.jpg,Normal,0,
India_002930.jpg,Normal,0,
India_002931.jpg,Normal,0,
India_002932.jpg,Crack,1,"D44, D00"
India_002934.jpg,Crack,1,"D20, D20"
India_002935.jpg,Normal,0,
India_002936.jpg,Crack,1,"D20, D44"
India_002937.jpg,Normal,0,
India_002938.jpg,Normal,0,
India_002939.jpg,Both,3,"D40, D00, D00, D40"
India_002941.jpg,Normal,0,
India_002942.jpg,Normal,0,
India_002943.jpg,Normal,0,
India_002944.jpg,Normal,0,
India_002945.jpg,Pothole,2,"D40, D40, D40, D40, D40"
India_002946.jpg,Both,3,"D20, D20, D40"
India_002947.jpg,Normal,0,
India_002948.jpg,Pothole,2,D40
India_002949.jpg,Crack,1,D20
India_002950.jpg,Normal,0,
India_002953.jpg,Normal,0,
India_002954.jpg,Both,3,"D00, D40, D40, D20"
India_002955.jpg,Normal,0,
India_002956.jpg,Pothole,2,D40
India_002957.jpg,Normal,0,
India_002958.jpg,Normal,0,
India_002960.jpg,Both,3,"D40, D40, D00, D00"
India_002961.jpg,Crack,1,"D00, D00"
India_002962.jpg,Normal,0,
India_002963.jpg,Normal,0,
India_002965.jpg,Crack,1,D20
India_002966.jpg,Normal,0,
India_002967.jpg,Crack,1,"D20, D44"
India_002968.jpg,Both,3,"D40, D00, D20"
India_002969.jpg,Normal,0,
India_002970.jpg,Crack,1,"D00, D20"
India_002971.jpg,Normal,0,
India_002972.jpg,Both,3,"D40, D40, D40, D40, D40, D40, D00"
India_002973.jpg,Both,3,"D20, D40, D40"
India_002974.jpg,Normal,0,
India_002975.jpg,Normal,0,
India_002976.jpg,Pothole,2,D40
India_002978.jpg,Both,3,"D40, D00"
India_002979.jpg,Normal,0,
India_002980.jpg,Normal,0,
India_002981.jpg,Crack,1,"D20, D00"
India_002983.jpg,Normal,0,
India_002984.jpg,Crack,1,"D44, D00, D00, D20"
India_002985.jpg,Crack,1,D00
India_002987.jpg,Normal,0,
India_002989.jpg,Normal,0,
India_002991.jpg,Crack,1,"D43, D20"
India_002992.jpg,Normal,0,
India_002993.jpg,Normal,0,
India_002994.jpg,Pothole,2,D40
India_002995.jpg,Both,3,"D40, D00, D44, D44, D20"
India_002997.jpg,Normal,0,
India_002998.jpg,Crack,1,D01
India_003000.jpg,Normal,0,
India_003001.jpg,Normal,0,D44
India_003002.jpg,Crack,1,D20
India_003004.jpg,Normal,0,D44
India_003006.jpg,Both,3,"D40, D20"
India_003007.jpg,Crack,1,"D20, D20"
India_003010.jpg,Normal,0,
India_003011.jpg,Both,3,"D20, D40"
India_003012.jpg,Normal,0,
India_003013.jpg,Pothole,2,"D40, D40, D40, D40, D40, D40, D40, D40"
India_003014.jpg,Crack,1,D20
India_003015.jpg,Normal,0,D44
India_003016.jpg,Crack,1,D20
India_003017.jpg,Pothole,2,D40
India_003018.jpg,Both,3,"D20, D00, D40, D40"
India_003020.jpg,Normal,0,
India_003021.jpg,Normal,0,
India_003023.jpg,Normal,0,"D50, D44"
India_003027.jpg,Normal,0,
India_003028.jpg,Pothole,2,"D40, D40, D40"
India_003029.jpg,Pothole,2,D40
India_003030.jpg,Normal,0,
India_003032.jpg,Normal,0,
India_003033.jpg,Both,3,"D00, D40"
India_003034.jpg,Crack,1,"D44, D20"
India_003035.jpg,Normal,0,
India_003036.jpg,Crack,1,D00
India_003039.jpg,Crack,1,D20
India_003041.jpg,Normal,0,
India_003042.jpg,Both,3,"D20, D40"
India_003043.jpg,Normal,0,
India_003044.jpg,Normal,0,
India_003045.jpg,Crack,1,"D20, D00"
India_003046.jpg,Normal,0,
India_003047.jpg,Normal,0,
India_003048.jpg,Pothole,2,D40
India_003049.jpg,Crack,1,"D20, D20, D20"
India_003051.jpg,Pothole,2,"D40, D40"
India_003052.jpg,Crack,1,D20
India_003054.jpg,Crack,1,"D20, D20"
India_003055.jpg,Crack,1,"D00, D20"
India_003056.jpg,Pothole,2,"D40, D40, D40, D40, D40, D40"
India_003057.jpg,Pothole,2,"D40, D40"
India_003058.jpg,Normal,0,
India_003059.jpg,Normal,0,
India_003060.jpg,Normal,0,
India_003062.jpg,Crack,1,"D00, D20"
India_003063.jpg,Pothole,2,D40
India_003064.jpg,Normal,0,
India_003065.jpg,Both,3,"D01, D40, D01"
India_003066.jpg,Normal,0,
India_003068.jpg,Normal,0,
India_003069.jpg,Normal,0,D50
India_003070.jpg,Normal,0,
India_003071.jpg,Crack,1,"D00, D00"
India_003072.jpg,Normal,0,
India_003073.jpg,Normal,0,
India_003074.jpg,Normal,0,
India_003075.jpg,Crack,1,"D44, D20"
India_003076.jpg,Normal,0,D44
India_003077.jpg,Normal,0,
India_003078.jpg,Normal,0,D44
India_003079.jpg,Pothole,2,"D40, D40"
India_003080.jpg,Normal,0,
India_003081.jpg,Crack,1,"D00, D00, D00"
India_003082.jpg,Normal,0,
India_003083.jpg,Both,3,"D20, D20, D00, D40, D40"
India_003084.jpg,Normal,0,
India_003085.jpg,Both,3,"D00, D40, D00"
India_003086.jpg,Crack,1,"D00, D10"
India_003087.jpg,Both,3,"D44, D40, D20"
India_003088.jpg,Normal,0,
India_003090.jpg,Crack,1,"D44, D20"
India_003091.jpg,Normal,0,D44
India_003092.jpg,Normal,0,
India_003093.jpg,Crack,1,"D20, D00, D00, D00, D20"
India_003094.jpg,Crack,1,D01
India_003096.jpg,Pothole,2,D40
India_003097.jpg,Normal,0,
India_003098.jpg,Normal,0,
India_003100.jpg,Both,3,"D40, D40, D40, D40, D00"
India_003101.jpg,Normal,0,
India_003102.jpg,Both,3,"D00, D20, D40, D40, D40, D40, D40, D40, D40"
India_003103.jpg,Pothole,2,"D40, D40, D40, D40, D40"
India_003106.jpg,Normal,0,
India_003107.jpg,Normal,0,
India_003110.jpg,Both,3,"D00, D20, D20, D40"
India_003111.jpg,Crack,1,"D20, D20"
India_003112.jpg,Normal,0,
India_003113.jpg,Normal,0,
India_003114.jpg,Normal,0,
India_003115.jpg,Crack,1,"D00, D00"
India_003116.jpg,Crack,1,"D10, D00"
India_003117.jpg,Normal,0,
India_003118.jpg,Pothole,2,"D40, D44"
India_003119.jpg,Crack,1,D20
India_003120.jpg,Pothole,2,"D40, D40, D44"
India_003121.jpg,Pothole,2,D40
India_003122.jpg,Normal,0,
India_003123.jpg,Normal,0,
India_003124.jpg,Normal,0,
India_003125.jpg,Both,3,"D20, D00, D40"
India_003126.jpg,Both,3,"D40, D00, D44"
India_003127.jpg,Normal,0,
India_003128.jpg,Normal,0,
India_003129.jpg,Normal,0,
India_003130.jpg,Normal,0,
India_003131.jpg,Normal,0,
India_003133.jpg,Normal,0,
India_003134.jpg,Normal,0,
India_003135.jpg,Normal,0,
India_003136.jpg,Normal,0,
India_003137.jpg,Normal,0,
India_003138.jpg,Crack,1,D20
India_003139.jpg,Normal,0,
India_003141.jpg,Normal,0,
India_003142.jpg,Normal,0,
India_003143.jpg,Pothole,2,"D40, D40"
India_003144.jpg,Normal,0,D44
India_003146.jpg,Crack,1,D11
India_003147.jpg,Normal,0,
India_003148.jpg,Crack,1,D00
India_003149.jpg,Normal,0,
India_003150.jpg,Both,3,"D00, D40, D40"
India_003151.jpg,Pothole,2,"D40, D44, D44"
India_003152.jpg,Both,3,"D00, D40, D40"
India_003153.jpg,Crack,1,"D20, D44, D44, D00"
India_003155.jpg,Crack,1,"D00, D00"
India_003156.jpg,Crack,1,D00
India_003158.jpg,Normal,0,
India_003159.jpg,Normal,0,
India_003160.jpg,Normal,0,
India_003161.jpg,Pothole,2,"D40, D40, D40"
India_003162.jpg,Normal,0,
India_003163.jpg,Crack,1,"D43, D20"
India_003164.jpg,Crack,1,"D20, D44"
India_003165.jpg,Normal,0,
India_003168.jpg,Both,3,"D40, D40, D20"
India_003169.jpg,Normal,0,
India_003170.jpg,Normal,0,
India_003171.jpg,Both,3,"D40, D00"
India_003172.jpg,Pothole,2,D40
India_003173.jpg,Normal,0,
India_003174.jpg,Normal,0,
India_003175.jpg,Normal,0,
India_003176.jpg,Normal,0,
India_003177.jpg,Both,3,"D01, D01, D01, D40"
India_003178.jpg,Crack,1,D00
India_003179.jpg,Normal,0,
India_003180.jpg,Normal,0,D44
India_003181.jpg,Crack,1,"D20, D44"
India_003182.jpg,Normal,0,
India_003183.jpg,Normal,0,
India_003184.jpg,Normal,0,
India_003185.jpg,Crack,1,"D44, D20"
India_003186.jpg,Pothole,2,"D40, D40"
India_003187.jpg,Normal,0,
India_003188.jpg,Normal,0,
India_003190.jpg,Normal,0,
India_003191.jpg,Pothole,2,D40
India_003192.jpg,Normal,0,
India_003193.jpg,Normal,0,
India_003195.jpg,Normal,0,D44
India_003196.jpg,Normal,0,
India_003197.jpg,Normal,0,
India_003198.jpg,Normal,0,
India_003199.jpg,Normal,0,
India_003200.jpg,Normal,0,D43
India_003201.jpg,Both,3,"D40, D00"
India_003203.jpg,Crack,1,"D00, D20"
India_003205.jpg,Crack,1,D20
India_003207.jpg,Normal,0,
India_003208.jpg,Normal,0,
India_003211.jpg,Normal,0,
India_003213.jpg,Normal,0,
India_003214.jpg,Both,3,"D00, D40"
India_003215.jpg,Crack,1,D00
India_003216.jpg,Normal,0,
India_003217.jpg,Both,3,"D40, D20"
India_003218.jpg,Normal,0,
India_003219.jpg,Normal,0,
India_003221.jpg,Crack,1,"D44, D11"
India_003224.jpg,Normal,0,
India_003225.jpg,Normal,0,
India_003228.jpg,Both,3,"D40, D40, D00"
India_003230.jpg,Normal,0,
India_003231.jpg,Pothole,2,"D40, D40, D40, D40"
India_003232.jpg,Normal,0,
India_003233.jpg,Normal,0,
India_003234.jpg,Normal,0,
India_003236.jpg,Crack,1,"D44, D20, D00"
India_003237.jpg,Normal,0,
India_003239.jpg,Pothole,2,D40
India_003240.jpg,Normal,0,D44
India_003242.jpg,Crack,1,D20
India_003243.jpg,Normal,0,D43
India_003244.jpg,Normal,0,
India_003245.jpg,Crack,1,D20
India_003246.jpg,Crack,1,D20
India_003247.jpg,Crack,1,"D00, D20"
India_003248.jpg,Normal,0,
India_003249.jpg,Normal,0,
India_003250.jpg,Normal,0,
India_003251.jpg,Pothole,2,"D40, D40"
India_003252.jpg,Normal,0,
India_003253.jpg,Crack,1,D00
India_003254.jpg,Normal,0,D44
India_003256.jpg,Crack,1,"D00, D00"
India_003257.jpg,Normal,0,
India_003259.jpg,Normal,0,
India_003260.jpg,Normal,0,
India_003261.jpg,Normal,0,
India_003262.jpg,Both,3,"D40, D20, D20, D40"
India_003263.jpg,Normal,0,
India_003265.jpg,Crack,1,D20
India_003266.jpg,Normal,0,
India_003268.jpg,Normal,0,
India_003269.jpg,Normal,0,
India_003270.jpg,Crack,1,D20
India_003272.jpg,Pothole,2,D40
India_003273.jpg,Normal,0,
India_003274.jpg,Pothole,2,"D44, D40, D40"
India_003275.jpg,Normal,0,
India_003276.jpg,Normal,0,
India_003278.jpg,Both,3,"D40, D00"
India_003281.jpg,Normal,0,
India_003282.jpg,Normal,0,
India_003283.jpg,Normal,0,
India_003284.jpg,Pothole,2,"D40, D40, D40, D40, D40, D40"
India_003285.jpg,Normal,0,
India_003286.jpg,Normal,0,
India_003287.jpg,Normal,0,
India_003288.jpg,Crack,1,D00
India_003289.jpg,Normal,0,
India_003290.jpg,Crack,1,"D00, D00, D44, D20"
India_003291.jpg,Normal,0,
India_003292.jpg,Both,3,"D40, D20, D00"
India_003293.jpg,Crack,1,D20
India_003294.jpg,Crack,1,D20
India_003296.jpg,Normal,0,
India_003297.jpg,Normal,0,
India_003299.jpg,Crack,1,"D00, D44"
India_003300.jpg,Crack,1,D20
India_003301.jpg,Normal,0,
India_003302.jpg,Normal,0,
India_003303.jpg,Normal,0,
India_003305.jpg,Normal,0,
India_003309.jpg,Crack,1,"D44, D20"
India_003310.jpg,Crack,1,"D00, D20, D44"
India_003311.jpg,Normal,0,D44
India_003312.jpg,Both,3,"D20, D40"
India_003313.jpg,Crack,1,D20
India_003314.jpg,Normal,0,
India_003315.jpg,Normal,0,
India_003316.jpg,Normal,0,
India_003317.jpg,Crack,1,"D20, D00"
India_003318.jpg,Pothole,2,"D44, D40, D40, D44"
India_003319.jpg,Crack,1,D20
India_003320.jpg,Crack,1,D20
India_003321.jpg,Crack,1,D20
India_003323.jpg,Both,3,"D00, D40, D40"
India_003324.jpg,Normal,0,
India_003326.jpg,Normal,0,
India_003327.jpg,Normal,0,
India_003328.jpg,Normal,0,
India_003329.jpg,Normal,0,
India_003330.jpg,Normal,0,
India_003331.jpg,Normal,0,
India_003334.jpg,Pothole,2,D40
India_003337.jpg,Normal,0,
India_003338.jpg,Normal,0,
India_003339.jpg,Normal,0,D44
India_003340.jpg,Crack,1,"D20, D00, D00, D00, D00, D44, D44"
India_003342.jpg,Normal,0,
India_003343.jpg,Normal,0,
India_003344.jpg,Normal,0,
India_003345.jpg,Crack,1,D20
India_003346.jpg,Normal,0,
India_003347.jpg,Crack,1,D20
India_003348.jpg,Normal,0,
India_003349.jpg,Normal,0,"D44, D44"
India_003351.jpg,Normal,0,
India_003352.jpg,Crack,1,D20
India_003353.jpg,Pothole,2,"D40, D40"
India_003354.jpg,Crack,1,"D20, D20, D44"
India_003356.jpg,Crack,1,D01
India_003358.jpg,Normal,0,
India_003359.jpg,Crack,1,"D20, D00, D00, D00"
India_003360.jpg,Normal,0,
India_003361.jpg,Normal,0,
India_003362.jpg,Both,3,"D40, D40, D40, D40, D20"
India_003363.jpg,Crack,1,D00
India_003364.jpg,Normal,0,
India_003365.jpg,Both,3,"D20, D00, D40, D40, D00, D40, D00"
India_003366.jpg,Pothole,2,D40
India_003368.jpg,Both,3,"D40, D00"
India_003370.jpg,Crack,1,D20
India_003372.jpg,Crack,1,D20
India_003373.jpg,Both,3,"D40, D00, D00, D00, D40"
India_003374.jpg,Normal,0,
India_003376.jpg,Both,3,"D40, D20, D00"
India_003378.jpg,Crack,1,"D20, D00"
India_003379.jpg,Normal,0,
India_003381.jpg,Normal,0,
India_003382.jpg,Normal,0,
India_003383.jpg,Normal,0,
India_003384.jpg,Both,3,"D20, D20, D40, D40, D40, D40"
India_003385.jpg,Normal,0,
India_003387.jpg,Crack,1,D00
India_003388.jpg,Crack,1,D20
India_003389.jpg,Normal,0,
India_003391.jpg,Pothole,2,D40
India_003392.jpg,Crack,1,D00
India_003394.jpg,Normal,0,
India_003395.jpg,Normal,0,"D44, D44, D44"
India_003397.jpg,Normal,0,
India_003398.jpg,Normal,0,D44
India_003399.jpg,Normal,0,
India_003400.jpg,Normal,0,
India_003401.jpg,Crack,1,D10
India_003402.jpg,Normal,0,
India_003403.jpg,Normal,0,
India_003404.jpg,Crack,1,"D20, D44"
India_003405.jpg,Normal,0,
India_003406.jpg,Both,3,"D20, D40"
India_003407.jpg,Normal,0,
India_003408.jpg,Normal,0,
India_003409.jpg,Crack,1,"D20, D20"
India_003410.jpg,Normal,0,
India_003411.jpg,Pothole,2,"D40, D40, D40, D40, D40, D40, D40, D40"
India_003412.jpg,Both,3,"D20, D40"
India_003413.jpg,Normal,0,
India_003414.jpg,Crack,1,"D00, D00, D00, D20"
India_003415.jpg,Crack,1,D01
India_003416.jpg,Normal,0,
India_003417.jpg,Normal,0,
India_003418.jpg,Normal,0,
India_003420.jpg,Normal,0,
India_003421.jpg,Normal,0,
India_003422.jpg,Pothole,2,D40
India_003424.jpg,Pothole,2,"D40, D40, D40, D40"
India_003425.jpg,Normal,0,
India_003426.jpg,Pothole,2,D40
India_003427.jpg,Crack,1,D20
India_003428.jpg,Normal,0,
India_003429.jpg,Normal,0,
India_003430.jpg,Normal,0,
India_003431.jpg,Pothole,2,"D40, D40"
India_003432.jpg,Crack,1,D20
India_003433.jpg,Pothole,2,"D40, D40, D40"
India_003434.jpg,Normal,0,
India_003435.jpg,Normal,0,D44
India_003436.jpg,Normal,0,
India_003437.jpg,Normal,0,
India_003438.jpg,Normal,0,
India_003443.jpg,Crack,1,"D20, D20"
India_003444.jpg,Crack,1,D00
India_003445.jpg,Crack,1,D00
India_003446.jpg,Both,3,"D40, D40, D20"
India_003447.jpg,Normal,0,
India_003449.jpg,Normal,0,
India_003451.jpg,Normal,0,
India_003452.jpg,Crack,1,D20
India_003453.jpg,Normal,0,
India_003454.jpg,Normal,0,
India_003455.jpg,Crack,1,"D00, D00, D20"
India_003456.jpg,Normal,0,D44
India_003457.jpg,Normal,0,
India_003458.jpg,Normal,0,
India_003460.jpg,Normal,0,
India_003461.jpg,Normal,0,
India_003462.jpg,Crack,1,"D00, D00"
India_003463.jpg,Normal,0,
India_003464.jpg,Normal,0,
India_003465.jpg,Crack,1,D01
India_003466.jpg,Normal,0,D44
India_003468.jpg,Crack,1,D20
India_003469.jpg,Crack,1,D20
India_003471.jpg,Normal,0,
India_003472.jpg,Normal,0,
India_003473.jpg,Normal,0,D44
India_003475.jpg,Pothole,2,D40
India_003478.jpg,Normal,0,
India_003479.jpg,Normal,0,
India_003480.jpg,Crack,1,"D20, D44"
India_003481.jpg,Normal,0,
India_003482.jpg,Crack,1,"D20, D00"
India_003483.jpg,Normal,0,
India_003485.jpg,Normal,0,
India_003486.jpg,Normal,0,
India_003488.jpg,Normal,0,
India_003489.jpg,Normal,0,
India_003490.jpg,Both,3,"D40, D40, D40, D40, D40, D00, D20"
India_003491.jpg,Crack,1,"D00, D00, D00, D44"
India_003493.jpg,Normal,0,
India_003494.jpg,Crack,1,"D20, D44"
India_003495.jpg,Pothole,2,"D44, D40, D40"
India_003496.jpg,Crack,1,"D20, D00"
India_003498.jpg,Crack,1,D00
India_003500.jpg,Normal,0,
India_003501.jpg,Normal,0,D44
India_003502.jpg,Pothole,2,D40
India_003505.jpg,Crack,1,"D20, D00, D00"
India_003506.jpg,Normal,0,
India_003507.jpg,Crack,1,D20
India_003508.jpg,Crack,1,D20
India_003509.jpg,Normal,0,
India_003512.jpg,Pothole,2,"D40, D40, D40, D40, D40"
India_003513.jpg,Normal,0,
India_003514.jpg,Normal,0,
India_003515.jpg,Crack,1,"D20, D44"
India_003516.jpg,Normal,0,
India_003517.jpg,Normal,0,"D44, D44"
India_003519.jpg,Normal,0,
India_003520.jpg,Normal,0,
India_003521.jpg,Crack,1,D01
India_003522.jpg,Crack,1,D00
India_003523.jpg,Crack,1,D00
India_003525.jpg,Normal,0,
India_003526.jpg,Normal,0,D44
India_003527.jpg,Normal,0,
India_003528.jpg,Normal,0,
India_003530.jpg,Normal,0,
India_003532.jpg,Normal,0,
India_003533.jpg,Normal,0,
India_003535.jpg,Both,3,"D40, D40, D40, D40, D40, D00"
India_003536.jpg,Normal,0,
India_003537.jpg,Normal,0,
India_003538.jpg,Normal,0,
India_003539.jpg,Crack,1,"D10, D20"
India_003540.jpg,Normal,0,
India_003542.jpg,Pothole,2,"D40, D40, D40"
India_003543.jpg,Crack,1,"D20, D44"
India_003545.jpg,Normal,0,
India_003546.jpg,Crack,1,D20
India_003547.jpg,Pothole,2,"D44, D44, D40"
India_003548.jpg,Crack,1,D20
India_003550.jpg,Both,3,"D40, D20"
India_003551.jpg,Normal,0,
India_003552.jpg,Normal,0,
India_003553.jpg,Both,3,"D40, D40, D40, D00, D40, D40"
India_003554.jpg,Normal,0,
India_003556.jpg,Both,3,"D40, D20"
India_003557.jpg,Normal,0,
India_003558.jpg,Crack,1,D00
India_003560.jpg,Crack,1,"D00, D00, D20"
India_003561.jpg,Pothole,2,"D40, D40, D40, D40"
India_003565.jpg,Both,3,"D20, D20, D40, D40, D40, D40, D40, D40, D40, D40, D40, D00, D00"
India_003566.jpg,Crack,1,D00
India_003567.jpg,Both,3,"D40, D40, D40, D40, D40, D40, D20, D20, D00, D00"
India_003568.jpg,Crack,1,D20
India_003569.jpg,Crack,1,D00
India_003570.jpg,Normal,0,
India_003571.jpg,Pothole,2,D40
India_003572.jpg,Normal,0,
India_003573.jpg,Normal,0,
India_003575.jpg,Normal,0,
India_003576.jpg,Both,3,"D20, D20, D20, D40"
India_003577.jpg,Normal,0,
India_003578.jpg,Normal,0,
India_003579.jpg,Normal,0,
India_003580.jpg,Normal,0,D44
India_003581.jpg,Normal,0,
India_003583.jpg,Normal,0,
India_003585.jpg,Normal,0,
India_003586.jpg,Crack,1,"D44, D20"
India_003587.jpg,Crack,1,"D00, D00, D20"
India_003589.jpg,Crack,1,D00
India_003591.jpg,Normal,0,
India_003592.jpg,Crack,1,"D00, D00"
India_003593.jpg,Normal,0,
India_003594.jpg,Normal,0,
India_003595.jpg,Normal,0,
India_003597.jpg,Crack,1,D20
India_003598.jpg,Normal,0,
India_003599.jpg,Crack,1,D20
India_003601.jpg,Crack,1,"D00, D00, D20"
India_003602.jpg,Normal,0,
India_003605.jpg,Crack,1,D20
India_003606.jpg,Normal,0,
India_003608.jpg,Normal,0,
India_003609.jpg,Both,3,"D40, D40, D20"
India_003610.jpg,Both,3,"D00, D40, D00"
India_003611.jpg,Both,3,"D01, D40"
India_003614.jpg,Crack,1,D20
India_003616.jpg,Crack,1,"D20, D20, D20"
India_003617.jpg,Normal,0,
India_003618.jpg,Normal,0,
India_003619.jpg,Pothole,2,D40
India_003621.jpg,Normal,0,
India_003622.jpg,Normal,0,
India_003623.jpg,Normal,0,
India_003624.jpg,Both,3,"D20, D40, D40, D40, D40"
India_003626.jpg,Normal,0,
India_003627.jpg,Normal,0,D44
India_003628.jpg,Normal,0,D44
India_003629.jpg,Normal,0,
India_003631.jpg,Crack,1,D20
India_003632.jpg,Crack,1,"D20, D00"
India_003633.jpg,Normal,0,D44
India_003634.jpg,Crack,1,"D20, D00"
India_003635.jpg,Normal,0,
India_003636.jpg,Crack,1,D20
India_003637.jpg,Normal,0,"D44, D44"
India_003639.jpg,Normal,0,
India_003641.jpg,Normal,0,
India_003642.jpg,Crack,1,D20
India_003643.jpg,Normal,0,D44
India_003644.jpg,Normal,0,
India_003645.jpg,Normal,0,
India_003646.jpg,Normal,0,
India_003647.jpg,Normal,0,
India_003648.jpg,Crack,1,"D00, D20"
India_003649.jpg,Normal,0,
India_003651.jpg,Crack,1,"D20, D20"
India_003652.jpg,Crack,1,D20
India_003653.jpg,Normal,0,
India_003654.jpg,Both,3,"D20, D40, D40, D40, D00"
India_003656.jpg,Normal,0,
India_003658.jpg,Both,3,"D20, D40"
India_003659.jpg,Normal,0,
India_003660.jpg,Both,3,"D20, D44, D40, D40"
India_003661.jpg,Normal,0,D44
India_003662.jpg,Normal,0,
India_003663.jpg,Normal,0,
India_003665.jpg,Normal,0,
India_003667.jpg,Crack,1,"D00, D00, D20, D20, D44"
India_003668.jpg,Crack,1,"D00, D20"
India_003669.jpg,Normal,0,
India_003670.jpg,Normal,0,
India_003671.jpg,Normal,0,
India_003672.jpg,Normal,0,
India_003673.jpg,Normal,0,
India_003674.jpg,Crack,1,"D20, D00, D00"
India_003676.jpg,Normal,0,
India_003677.jpg,Crack,1,"D44, D20"
India_003678.jpg,Normal,0,
India_003679.jpg,Normal,0,
India_003680.jpg,Normal,0,
India_003681.jpg,Crack,1,D00
India_003682.jpg,Pothole,2,D40
India_003683.jpg,Crack,1,D20
India_003684.jpg,Crack,1,D00
India_003686.jpg,Both,3,"D20, D44, D40"
India_003687.jpg,Normal,0,
India_003688.jpg,Normal,0,
India_003690.jpg,Normal,0,
India_003691.jpg,Crack,1,D20
India_003692.jpg,Normal,0,
India_003693.jpg,Normal,0,
India_003695.jpg,Crack,1,"D11, D11, D11"
India_003696.jpg,Pothole,2,D40
India_003697.jpg,Both,3,"D20, D40"
India_003698.jpg,Normal,0,
India_003699.jpg,Pothole,2,D40
India_003700.jpg,Pothole,2,"D40, D40"
India_003701.jpg,Crack,1,D20
India_003702.jpg,Both,3,"D40, D20, D40"
India_003703.jpg,Normal,0,
India_003704.jpg,Both,3,"D20, D40, D40"
India_003706.jpg,Normal,0,
India_003708.jpg,Normal,0,
India_003709.jpg,Pothole,2,D40
India_003710.jpg,Pothole,2,D40
India_003711.jpg,Normal,0,
India_003712.jpg,Crack,1,D20
India_003713.jpg,Normal,0,
India_003714.jpg,Normal,0,
India_003715.jpg,Normal,0,
India_003716.jpg,Normal,0,
India_003717.jpg,Crack,1,"D01, D01, D01, D44, D44, D01, D01"
India_003719.jpg,Normal,0,
India_003720.jpg,Normal,0,
India_003721.jpg,Normal,0,
India_003722.jpg,Both,3,"D20, D00, D40"
India_003724.jpg,Crack,1,D00
India_003726.jpg,Normal,0,
India_003727.jpg,Normal,0,
India_003728.jpg,Normal,0,D43
India_003731.jpg,Both,3,"D40, D00"
India_003732.jpg,Normal,0,
India_003733.jpg,Crack,1,"D20, D20, D44"
India_003734.jpg,Crack,1,D00
India_003736.jpg,Crack,1,"D00, D00"
India_003738.jpg,Crack,1,"D20, D00, D00"
India_003739.jpg,Crack,1,D20
India_003740.jpg,Normal,0,
India_003741.jpg,Both,3,"D40, D40, D40, D40, D40, D40, D00"
India_003742.jpg,Crack,1,D00
India_003744.jpg,Normal,0,
India_003745.jpg,Normal,0,
India_003746.jpg,Normal,0,
India_003747.jpg,Both,3,"D40, D00"
India_003749.jpg,Normal,0,
India_003750.jpg,Normal,0,
India_003751.jpg,Crack,1,"D00, D00"
India_003753.jpg,Normal,0,D44
India_003754.jpg,Crack,1,D20
India_003755.jpg,Crack,1,D00
India_003756.jpg,Normal,0,
India_003757.jpg,Crack,1,"D43, D44, D20"
India_003758.jpg,Normal,0,
India_003759.jpg,Pothole,2,D40
India_003760.jpg,Crack,1,"D20, D44"
India_003761.jpg,Pothole,2,D40
India_003763.jpg,Normal,0,
India_003764.jpg,Pothole,2,"D40, D40"
India_003765.jpg,Normal,0,
India_003766.jpg,Crack,1,"D20, D20"
India_003767.jpg,Crack,1,D20
India_003768.jpg,Normal,0,
India_003769.jpg,Crack,1,D20
India_003772.jpg,Normal,0,
India_003773.jpg,Normal,0,
India_003774.jpg,Both,3,"D40, D40, D40, D40, D20, D00"
India_003775.jpg,Normal,0,
India_003776.jpg,Pothole,2,"D40, D40"
India_003778.jpg,Both,3,"D00, D40"
India_003780.jpg,Crack,1,D20
India_003782.jpg,Normal,0,
India_003784.jpg,Crack,1,D00
India_003785.jpg,Normal,0,
India_003787.jpg,Normal,0,
India_003788.jpg,Crack,1,D20
India_003789.jpg,Crack,1,D20
India_003791.jpg,Normal,0,
India_003792.jpg,Normal,0,
India_003793.jpg,Normal,0,
India_003795.jpg,Pothole,2,D40
India_003796.jpg,Normal,0,
India_003797.jpg,Normal,0,
India_003800.jpg,Crack,1,"D00, D44, D44"
India_003802.jpg,Normal,0,
India_003805.jpg,Both,3,"D20, D40, D20"
India_003806.jpg,Both,3,"D40, D40, D00"
India_003807.jpg,Normal,0,
India_003808.jpg,Normal,0,
India_003809.jpg,Normal,0,
India_003810.jpg,Crack,1,"D00, D00, D00, D00"
India_003811.jpg,Normal,0,"D44, D44"
India_003812.jpg,Normal,0,
India_003813.jpg,Normal,0,
India_003814.jpg,Crack,1,D20
India_003815.jpg,Normal,0,
India_003816.jpg,Normal,0,
India_003817.jpg,Pothole,2,"D40, D40, D40, D40"
India_003820.jpg,Crack,1,D00
India_003822.jpg,Normal,0,
India_003823.jpg,Normal,0,
India_003824.jpg,Crack,1,"D20, D44"
India_003825.jpg,Crack,1,"D00, D00, D20"
India_003826.jpg,Normal,0,
India_003827.jpg,Crack,1,D20
India_003828.jpg,Crack,1,"D20, D00, D00, D44"
India_003829.jpg,Normal,0,
India_003830.jpg,Normal,0,
India_003831.jpg,Crack,1,"D20, D44"
India_003832.jpg,Crack,1,D20
India_003833.jpg,Normal,0,
India_003834.jpg,Normal,0,
India_003835.jpg,Both,3,"D20, D40"
India_003836.jpg,Normal,0,
India_003837.jpg,Normal,0,
India_003838.jpg,Crack,1,D20
India_003839.jpg,Crack,1,"D00, D20"
India_003840.jpg,Normal,0,
India_003841.jpg,Crack,1,"D10, D00"
India_003842.jpg,Crack,1,"D20, D00, D00, D00"
India_003843.jpg,Normal,0,
India_003844.jpg,Normal,0,
India_003845.jpg,Normal,0,
India_003846.jpg,Normal,0,
India_003847.jpg,Normal,0,
India_003848.jpg,Normal,0,
India_003849.jpg,Crack,1,"D00, D00"
India_003850.jpg,Crack,1,"D00, D20"
India_003852.jpg,Crack,1,D20
India_003853.jpg,Normal,0,
India_003854.jpg,Crack,1,"D00, D00"
India_003856.jpg,Normal,0,
India_003857.jpg,Both,3,"D40, D40, D40, D40, D40, D00, D20, D20"
India_003858.jpg,Normal,0,
India_003859.jpg,Crack,1,D01
India_003861.jpg,Normal,0,
India_003862.jpg,Normal,0,
India_003863.jpg,Normal,0,
India_003864.jpg,Both,3,"D40, D40, D00"
India_003865.jpg,Both,3,"D20, D40"
India_003866.jpg,Normal,0,
India_003867.jpg,Crack,1,D20
India_003868.jpg,Normal,0,
India_003869.jpg,Normal,0,
India_003870.jpg,Normal,0,
India_003871.jpg,Normal,0,
India_003872.jpg,Pothole,2,D40
India_003873.jpg,Normal,0,
India_003874.jpg,Normal,0,
India_003877.jpg,Normal,0,
India_003878.jpg,Pothole,2,"D40, D40, D40"
India_003879.jpg,Pothole,2,"D40, D40, D40"
India_003880.jpg,Normal,0,
India_003881.jpg,Crack,1,D20
India_003882.jpg,Crack,1,D00
India_003883.jpg,Both,3,"D44, D40, D20"
India_003884.jpg,Both,3,"D20, D40, D40"
India_003885.jpg,Crack,1,"D00, D00, D00, D00, D10"
India_003886.jpg,Both,3,"D00, D40, D40, D40"
India_003888.jpg,Normal,0,
India_003889.jpg,Normal,0,
India_003890.jpg,Normal,0,
India_003893.jpg,Normal,0,D44
India_003897.jpg,Normal,0,
India_003899.jpg,Normal,0,
India_003900.jpg,Normal,0,
India_003901.jpg,Crack,1,"D00, D00"
India_003902.jpg,Normal,0,
India_003903.jpg,Normal,0,
India_003904.jpg,Normal,0,
India_003907.jpg,Normal,0,
India_003908.jpg,Crack,1,"D00, D44, D44"
India_003909.jpg,Pothole,2,"D40, D40"
India_003911.jpg,Pothole,2,"D40, D40, D40"
India_003913.jpg,Both,3,"D40, D20"
India_003914.jpg,Normal,0,
India_003917.jpg,Crack,1,D20
India_003918.jpg,Normal,0,
India_003919.jpg,Crack,1,"D20, D00"
India_003920.jpg,Crack,1,D20
India_003921.jpg,Normal,0,
India_003922.jpg,Normal,0,
India_003923.jpg,Pothole,2,"D40, D40"
India_003925.jpg,Pothole,2,"D40, D40, D40"
India_003926.jpg,Both,3,"D00, D20, D40, D40"
India_003927.jpg,Normal,0,
India_003928.jpg,Crack,1,D20
India_003929.jpg,Crack,1,D00
India_003935.jpg,Normal,0,
India_003936.jpg,Pothole,2,"D40, D40, D40, D40, D40"
India_003937.jpg,Normal,0,D44
India_003938.jpg,Crack,1,D00
India_003939.jpg,Pothole,2,D40
India_003941.jpg,Both,3,"D20, D40, D40, D00, D00, D40"
India_003942.jpg,Normal,0,D43
India_003943.jpg,Crack,1,"D00, D00, D00, D00, D00, D00, D00"
India_003944.jpg,Crack,1,"D00, D44, D44"
India_003946.jpg,Crack,1,D20
India_003947.jpg,Normal,0,
India_003948.jpg,Crack,1,"D44, D20, D20"
India_003949.jpg,Normal,0,
India_003950.jpg,Normal,0,
India_003951.jpg,Pothole,2,"D40, D40, D40, D40"
India_003952.jpg,Normal,0,
India_003953.jpg,Crack,1,"D20, D00"
India_003954.jpg,Crack,1,"D00, D00"
India_003958.jpg,Normal,0,
India_003959.jpg,Normal,0,
India_003960.jpg,Normal,0,
India_003961.jpg,Normal,0,
India_003962.jpg,Normal,0,
India_003963.jpg,Normal,0,
India_003964.jpg,Normal,0,
India_003965.jpg,Normal,0,
India_003966.jpg,Normal,0,
India_003967.jpg,Pothole,2,"D44, D40"
India_003968.jpg,Normal,0,
India_003969.jpg,Crack,1,"D44, D00"
India_003970.jpg,Normal,0,
India_003971.jpg,Normal,0,
India_003972.jpg,Normal,0,
India_003973.jpg,Pothole,2,"D40, D40, D40"
India_003974.jpg,Normal,0,
India_003975.jpg,Both,3,"D40, D40, D00, D20, D20"
India_003976.jpg,Both,3,"D20, D00, D40"
India_003979.jpg,Normal,0,
India_003980.jpg,Both,3,"D40, D40, D20, D20"
India_003981.jpg,Crack,1,"D00, D01"
India_003983.jpg,Crack,1,D20
India_003985.jpg,Normal,0,
India_003986.jpg,Normal,0,
India_003987.jpg,Pothole,2,D40
India_003989.jpg,Normal,0,
India_003990.jpg,Normal,0,
India_003992.jpg,Crack,1,D20
India_003993.jpg,Both,3,"D20, D40, D40"
India_003994.jpg,Normal,0,
India_003995.jpg,Normal,0,D44
India_003996.jpg,Normal,0,
India_003997.jpg,Normal,0,
India_003998.jpg,Normal,0,
India_003999.jpg,Crack,1,D20
India_004001.jpg,Crack,1,D00
India_004003.jpg,Pothole,2,"D40, D40, D40, D40, D40"
India_004004.jpg,Crack,1,"D20, D44"
India_004005.jpg,Normal,0,
India_004006.jpg,Normal,0,
India_004008.jpg,Normal,0,
India_004009.jpg,Normal,0,D44
India_004010.jpg,Normal,0,
India_004011.jpg,Crack,1,D20
India_004013.jpg,Normal,0,
India_004014.jpg,Normal,0,
India_004015.jpg,Normal,0,D44
India_004022.jpg,Both,3,"D40, D00, D40, D40, D40"
India_004024.jpg,Normal,0,
India_004025.jpg,Normal,0,
India_004027.jpg,Normal,0,
India_004028.jpg,Both,3,"D00, D40, D40, D40, D40, D40, D40, D40"
India_004029.jpg,Pothole,2,"D40, D40, D40"
India_004030.jpg,Normal,0,
India_004031.jpg,Normal,0,
India_004033.jpg,Pothole,2,"D40, D40, D40"
India_004034.jpg,Normal,0,
India_004035.jpg,Crack,1,"D00, D00"
India_004036.jpg,Normal,0,"D44, D44"
India_004037.jpg,Normal,0,
India_004038.jpg,Normal,0,
India_004039.jpg,Crack,1,D20
India_004040.jpg,Crack,1,"D20, D43"
India_004041.jpg,Normal,0,
India_004042.jpg,Normal,0,
India_004043.jpg,Both,3,"D44, D00, D40"
India_004044.jpg,Normal,0,
India_004045.jpg,Normal,0,
India_004046.jpg,Normal,0,
India_004047.jpg,Pothole,2,"D40, D40, D40, D40, D40, D40, D40"
India_004048.jpg,Normal,0,D44
India_004050.jpg,Normal,0,
India_004051.jpg,Crack,1,"D20, D20"
India_004052.jpg,Normal,0,
India_004053.jpg,Crack,1,D01
India_004054.jpg,Normal,0,
India_004057.jpg,Normal,0,
India_004058.jpg,Normal,0,
India_004060.jpg,Both,3,"D20, D40"
India_004061.jpg,Crack,1,"D44, D20, D20"
India_004062.jpg,Normal,0,
India_004063.jpg,Normal,0,
India_004064.jpg,Crack,1,"D20, D20"
India_004065.jpg,Pothole,2,"D40, D40"
India_004066.jpg,Crack,1,"D00, D00, D00, D00, D20"
India_004067.jpg,Normal,0,
India_004069.jpg,Normal,0,
India_004070.jpg,Pothole,2,D40
India_004071.jpg,Crack,1,"D20, D00, D20"
India_004073.jpg,Crack,1,"D20, D00"
India_004074.jpg,Crack,1,D20
India_004075.jpg,Normal,0,
India_004076.jpg,Normal,0,
India_004077.jpg,Crack,1,D00
India_004079.jpg,Normal,0,D44
India_004080.jpg,Crack,1,D20
India_004081.jpg,Crack,1,D00
India_004082.jpg,Normal,0,
India_004084.jpg,Crack,1,D20
India_004086.jpg,Crack,1,D20
India_004088.jpg,Normal,0,
India_004089.jpg,Normal,0,
India_004090.jpg,Normal,0,
India_004091.jpg,Pothole,2,"D40, D40, D44, D44"
India_004092.jpg,Crack,1,"D20, D20, D44"
India_004093.jpg,Normal,0,
India_004095.jpg,Normal,0,
India_004097.jpg,Normal,0,
India_004099.jpg,Normal,0,
India_004100.jpg,Pothole,2,"D40, D40"
India_004101.jpg,Crack,1,D20
India_004102.jpg,Crack,1,D20
India_004104.jpg,Pothole,2,"D40, D40, D40, D40"
India_004105.jpg,Normal,0,
India_004106.jpg,Normal,0,
India_004107.jpg,Pothole,2,D40
India_004108.jpg,Pothole,2,D40
India_004109.jpg,Crack,1,"D00, D20"
India_004110.jpg,Pothole,2,D40
India_004113.jpg,Normal,0,
India_004114.jpg,Normal,0,
India_004115.jpg,Crack,1,"D00, D00, D00, D00"
India_004116.jpg,Pothole,2,D40
India_004117.jpg,Normal,0,"D44, D44"
India_004120.jpg,Crack,1,"D20, D44"
India_004121.jpg,Both,3,"D20, D40"
India_004122.jpg,Normal,0,"D44, D44, D44"
India_004124.jpg,Normal,0,
India_004125.jpg,Normal,0,
India_004126.jpg,Both,3,"D20, D40"
India_004127.jpg,Normal,0,
India_004128.jpg,Normal,0,
India_004130.jpg,Normal,0,
India_004132.jpg,Both,3,"D40, D20, D43, D40"
India_004133.jpg,Pothole,2,D40
India_004134.jpg,Crack,1,D20
India_004135.jpg,Crack,1,D20
India_004136.jpg,Both,3,"D00, D40, D20"
India_004138.jpg,Crack,1,D20
India_004139.jpg,Normal,0,D50
India_004142.jpg,Normal,0,
India_004143.jpg,Pothole,2,"D40, D40"
India_004144.jpg,Normal,0,
India_004146.jpg,Normal,0,
India_004147.jpg,Crack,1,D01
India_004148.jpg,Normal,0,
India_004149.jpg,Normal,0,"D44, D44"
India_004150.jpg,Normal,0,
India_004151.jpg,Crack,1,"D01, D01, D11, D11, D11"
India_004153.jpg,Normal,0,
India_004154.jpg,Crack,1,"D44, D00"
India_004155.jpg,Normal,0,
India_004156.jpg,Normal,0,
India_004157.jpg,Crack,1,"D44, D00, D00"
India_004158.jpg,Normal,0,D44
India_004160.jpg,Normal,0,
India_004161.jpg,Pothole,2,D40
India_004162.jpg,Crack,1,D20
India_004163.jpg,Normal,0,
India_004164.jpg,Normal,0,
India_004165.jpg,Normal,0,
India_004166.jpg,Normal,0,
India_004167.jpg,Normal,0,
India_004168.jpg,Normal,0,
India_004169.jpg,Normal,0,
India_004170.jpg,Normal,0,
India_004171.jpg,Crack,1,D00
India_004172.jpg,Normal,0,
India_004173.jpg,Normal,0,
India_004175.jpg,Normal,0,
India_004176.jpg,Pothole,2,"D40, D40"
India_004178.jpg,Pothole,2,D40
India_004179.jpg,Normal,0,
India_004180.jpg,Normal,0,
India_004181.jpg,Pothole,2,"D40, D40"
India_004182.jpg,Normal,0,
India_004183.jpg,Crack,1,D20
India_004184.jpg,Pothole,2,"D44, D40, D40"
India_004185.jpg,Both,3,"D40, D20"
India_004187.jpg,Normal,0,
India_004188.jpg,Normal,0,
India_004189.jpg,Normal,0,
India_004190.jpg,Normal,0,
India_004191.jpg,Crack,1,D00
India_004193.jpg,Crack,1,"D44, D20"
India_004194.jpg,Crack,1,"D00, D00"
India_004195.jpg,Crack,1,"D00, D00, D00, D00, D10"
India_004196.jpg,Pothole,2,"D40, D40"
India_004197.jpg,Normal,0,
India_004199.jpg,Crack,1,"D20, D00, D00"
India_004200.jpg,Crack,1,D20
India_004201.jpg,Crack,1,"D00, D00, D20, D20"
India_004202.jpg,Normal,0,
India_004204.jpg,Normal,0,
India_004205.jpg,Crack,1,"D20, D44"
India_004208.jpg,Both,3,"D20, D40, D40, D40, D40, D40, D00"
India_004209.jpg,Pothole,2,"D44, D40, D40"
India_004210.jpg,Crack,1,D20
India_004211.jpg,Normal,0,
India_004212.jpg,Normal,0,
India_004213.jpg,Normal,0,
India_004215.jpg,Normal,0,
India_004217.jpg,Normal,0,
India_004219.jpg,Normal,0,
India_004221.jpg,Normal,0,
India_004222.jpg,Normal,0,
India_004223.jpg,Normal,0,
India_004224.jpg,Normal,0,
India_004225.jpg,Normal,0,
India_004226.jpg,Pothole,2,"D40, D40"
India_004227.jpg,Crack,1,"D01, D44, D44"
India_004229.jpg,Normal,0,
India_004230.jpg,Normal,0,D44
India_004231.jpg,Normal,0,
India_004232.jpg,Normal,0,D44
India_004233.jpg,Crack,1,D00
India_004234.jpg,Normal,0,
India_004235.jpg,Normal,0,
India_004236.jpg,Normal,0,
India_004237.jpg,Normal,0,
India_004238.jpg,Crack,1,"D00, D20"
India_004239.jpg,Normal,0,
India_004240.jpg,Normal,0,
India_004241.jpg,Normal,0,"D44, D44"
India_004242.jpg,Crack,1,D20
India_004243.jpg,Pothole,2,D40
India_004244.jpg,Normal,0,
India_004245.jpg,Normal,0,
India_004246.jpg,Normal,0,
India_004247.jpg,Normal,0,
India_004248.jpg,Normal,0,
India_004249.jpg,Crack,1,"D20, D20, D20"
India_004250.jpg,Normal,0,
India_004251.jpg,Normal,0,
India_004252.jpg,Normal,0,
India_004253.jpg,Pothole,2,D40
India_004254.jpg,Normal,0,
India_004255.jpg,Normal,0,
India_004256.jpg,Both,3,"D00, D00, D40, D40, D40, D40, D40, D40"
India_004257.jpg,Crack,1,D20
India_004258.jpg,Normal,0,
India_004259.jpg,Normal,0,
India_004260.jpg,Normal,0,
India_004261.jpg,Normal,0,
India_004262.jpg,Normal,0,
India_004263.jpg,Pothole,2,"D40, D40"
India_004264.jpg,Crack,1,"D44, D44, D20"
India_004265.jpg,Normal,0,
India_004266.jpg,Normal,0,
India_004267.jpg,Normal,0,
India_004268.jpg,Crack,1,"D20, D00, D00"
India_004269.jpg,Normal,0,
India_004270.jpg,Crack,1,D00
India_004273.jpg,Crack,1,D00
India_004274.jpg,Crack,1,"D44, D44, D20"
India_004276.jpg,Normal,0,
India_004277.jpg,Normal,0,D44
India_004278.jpg,Pothole,2,"D40, D40"
India_004279.jpg,Normal,0,
India_004282.jpg,Normal,0,D44
India_004283.jpg,Normal,0,
India_004284.jpg,Normal,0,
India_004285.jpg,Both,3,"D20, D20, D40"
India_004286.jpg,Normal,0,
India_004288.jpg,Normal,0,
India_004289.jpg,Normal,0,
India_004290.jpg,Pothole,2,"D40, D40"
India_004291.jpg,Normal,0,
India_004292.jpg,Normal,0,
India_004293.jpg,Both,3,"D40, D20, D00, D20"
India_004294.jpg,Pothole,2,"D40, D40"
India_004295.jpg,Normal,0,
India_004297.jpg,Crack,1,"D00, D20"
India_004298.jpg,Pothole,2,D40
India_004299.jpg,Pothole,2,D40
India_004302.jpg,Normal,0,
India_004304.jpg,Normal,0,
India_004306.jpg,Normal,0,D44
India_004307.jpg,Normal,0,
India_004308.jpg,Normal,0,
India_004309.jpg,Crack,1,"D20, D20, D44"
India_004310.jpg,Crack,1,D20
India_004311.jpg,Crack,1,"D20, D00, D44"
India_004312.jpg,Pothole,2,D40
India_004313.jpg,Normal,0,
India_004315.jpg,Crack,1,"D44, D20"
India_004316.jpg,Crack,1,D20
India_004318.jpg,Normal,0,
India_004319.jpg,Normal,0,
India_004320.jpg,Both,3,"D00, D00, D40"
India_004321.jpg,Pothole,2,"D40, D40, D40, D40, D40"
India_004324.jpg,Normal,0,
India_004327.jpg,Pothole,2,"D40, D40"
India_004328.jpg,Normal,0,D44
India_004329.jpg,Normal,0,
India_004331.jpg,Both,3,"D40, D40, D20, D00"
India_004332.jpg,Normal,0,
India_004334.jpg,Normal,0,
India_004337.jpg,Normal,0,
India_004338.jpg,Both,3,"D00, D40, D40, D40"
India_004339.jpg,Normal,0,"D44, D44"
India_004340.jpg,Pothole,2,"D40, D40, D40, D40, D40"
India_004341.jpg,Crack,1,"D00, D00"
India_004342.jpg,Both,3,"D40, D40, D20"
India_004343.jpg,Both,3,"D40, D40, D40, D20"
India_004344.jpg,Normal,0,
India_004345.jpg,Pothole,2,"D40, D40, D40, D40, D40, D40, D40"
India_004346.jpg,Normal,0,
India_004348.jpg,Crack,1,D20
India_004349.jpg,Normal,0,
India_004352.jpg,Crack,1,"D00, D20, D20"
India_004353.jpg,Normal,0,
India_004354.jpg,Normal,0,
India_004355.jpg,Normal,0,
India_004356.jpg,Normal,0,
India_004357.jpg,Normal,0,
India_004358.jpg,Normal,0,
India_004359.jpg,Crack,1,D20
India_004361.jpg,Normal,0,
India_004362.jpg,Normal,0,"D44, D44"
India_004363.jpg,Pothole,2,"D40, D40, D40"
India_004364.jpg,Crack,1,"D00, D00, D20"
India_004365.jpg,Both,3,"D40, D00, D40, D20"
India_004366.jpg,Crack,1,D20
India_004367.jpg,Normal,0,
India_004368.jpg,Normal,0,
India_004369.jpg,Normal,0,
India_004370.jpg,Both,3,"D40, D40, D00"
India_004371.jpg,Crack,1,"D00, D20, D20"
India_004373.jpg,Normal,0,
India_004374.jpg,Crack,1,D00
India_004375.jpg,Crack,1,"D20, D44"
India_004376.jpg,Crack,1,"D20, D00"
India_004377.jpg,Normal,0,
India_004380.jpg,Normal,0,"D44, D44"
India_004381.jpg,Normal,0,
India_004385.jpg,Both,3,"D00, D40, D40, D20"
India_004386.jpg,Normal,0,
India_004387.jpg,Pothole,2,"D44, D40"
India_004388.jpg,Normal,0,
India_004389.jpg,Normal,0,
India_004390.jpg,Normal,0,"D44, D44"
India_004392.jpg,Pothole,2,"D40, D40, D40"
India_004393.jpg,Pothole,2,D40
India_004394.jpg,Normal,0,D44
India_004395.jpg,Normal,0,
India_004396.jpg,Normal,0,D44
India_004398.jpg,Both,3,"D40, D40, D40, D40, D40, D00, D00, D44, D20"
India_004399.jpg,Normal,0,
India_004402.jpg,Normal,0,D44
India_004403.jpg,Pothole,2,D40
India_004405.jpg,Normal,0,
India_004406.jpg,Normal,0,
India_004407.jpg,Crack,1,"D20, D00"
India_004408.jpg,Normal,0,D44
India_004409.jpg,Normal,0,
India_004410.jpg,Crack,1,D00
India_004411.jpg,Normal,0,
India_004413.jpg,Normal,0,
India_004414.jpg,Pothole,2,D40
India_004415.jpg,Normal,0,
India_004416.jpg,Normal,0,
India_004417.jpg,Normal,0,
India_004419.jpg,Crack,1,D20
India_004421.jpg,Crack,1,D20
India_004423.jpg,Crack,1,D20
India_004424.jpg,Normal,0,
India_004425.jpg,Normal,0,
India_004427.jpg,Crack,1,D20
India_004430.jpg,Pothole,2,D40
India_004431.jpg,Normal,0,
India_004433.jpg,Normal,0,
India_004434.jpg,Both,3,"D40, D40, D20, D40, D40, D40, D40"
India_004436.jpg,Normal,0,
India_004437.jpg,Crack,1,D20
India_004438.jpg,Normal,0,
India_004441.jpg,Pothole,2,"D40, D40"
India_004443.jpg,Crack,1,D00
India_004444.jpg,Pothole,2,D40
India_004446.jpg,Normal,0,
India_004448.jpg,Crack,1,D00
India_004449.jpg,Pothole,2,"D40, D40, D40, D44"
India_004450.jpg,Crack,1,D20
India_004451.jpg,Normal,0,
India_004452.jpg,Normal,0,
India_004453.jpg,Normal,0,
India_004454.jpg,Normal,0,
India_004455.jpg,Normal,0,
India_004456.jpg,Crack,1,"D20, D20"
India_004457.jpg,Crack,1,D00
India_004458.jpg,Crack,1,"D00, D00"
India_004459.jpg,Pothole,2,"D40, D40, D40, D40"
India_004460.jpg,Normal,0,
India_004461.jpg,Pothole,2,"D40, D40"
India_004462.jpg,Normal,0,
India_004463.jpg,Normal,0,
India_004464.jpg,Crack,1,"D44, D20"
India_004465.jpg,Crack,1,D20
India_004466.jpg,Normal,0,
India_004468.jpg,Crack,1,"D44, D20"
India_004469.jpg,Both,3,"D00, D40"
India_004470.jpg,Normal,0,
India_004471.jpg,Normal,0,
India_004472.jpg,Both,3,"D40, D40, D40, D40, D40, D20"
India_004473.jpg,Normal,0,
India_004476.jpg,Normal,0,
India_004478.jpg,Normal,0,
India_004479.jpg,Crack,1,"D00, D20"
India_004480.jpg,Crack,1,"D20, D44"
India_004481.jpg,Normal,0,
India_004482.jpg,Crack,1,D20
India_004483.jpg,Pothole,2,"D40, D40"
India_004484.jpg,Crack,1,"D00, D00"
India_004485.jpg,Pothole,2,"D40, D40"
India_004486.jpg,Normal,0,
India_004489.jpg,Crack,1,"D44, D20, D20, D20"
India_004490.jpg,Normal,0,
India_004492.jpg,Normal,0,
India_004494.jpg,Normal,0,
India_004495.jpg,Normal,0,
India_004497.jpg,Crack,1,"D20, D00"
India_004498.jpg,Normal,0,
India_004500.jpg,Normal,0,"D44, D44, D44"
India_004502.jpg,Normal,0,
India_004504.jpg,Crack,1,D00
India_004505.jpg,Normal,0,
India_004506.jpg,Normal,0,
India_004507.jpg,Normal,0,
India_004508.jpg,Crack,1,D20
India_004509.jpg,Both,3,"D20, D40"
India_004510.jpg,Normal,0,
India_004511.jpg,Both,3,"D20, D20, D40, D40, D40, D40"
India_004512.jpg,Pothole,2,"D40, D40, D40"
India_004513.jpg,Crack,1,"D00, D00"
India_004514.jpg,Normal,0,
India_004515.jpg,Normal,0,
India_004516.jpg,Normal,0,
India_004517.jpg,Normal,0,
India_004518.jpg,Normal,0,
India_004519.jpg,Normal,0,
India_004521.jpg,Normal,0,
India_004522.jpg,Normal,0,
India_004523.jpg,Crack,1,D00
India_004524.jpg,Pothole,2,D40
India_004525.jpg,Both,3,"D40, D40, D00"
India_004526.jpg,Normal,0,
India_004527.jpg,Normal,0,
India_004528.jpg,Normal,0,
India_004530.jpg,Normal,0,
India_004531.jpg,Crack,1,D20
India_004532.jpg,Normal,0,
India_004533.jpg,Crack,1,D00
India_004534.jpg,Normal,0,
India_004535.jpg,Normal,0,
India_004537.jpg,Crack,1,"D00, D00, D00, D20, D20"
India_004540.jpg,Normal,0,
India_004541.jpg,Normal,0,
India_004542.jpg,Pothole,2,"D40, D40, D40, D40, D40"
India_004543.jpg,Crack,1,"D44, D20"
India_004544.jpg,Normal,0,
India_004547.jpg,Normal,0,
India_004548.jpg,Crack,1,D20
India_004549.jpg,Normal,0,D44
India_004550.jpg,Crack,1,D20
India_004551.jpg,Both,3,"D20, D20, D00, D40"
India_004553.jpg,Pothole,2,D40
India_004554.jpg,Crack,1,D20
India_004555.jpg,Normal,0,
India_004556.jpg,Both,3,"D40, D20"
India_004557.jpg,Normal,0,
India_004558.jpg,Normal,0,
India_004559.jpg,Normal,0,
India_004560.jpg,Normal,0,
India_004562.jpg,Crack,1,"D44, D20"
India_004563.jpg,Crack,1,"D20, D44"
India_004564.jpg,Normal,0,
India_004565.jpg,Crack,1,"D00, D00, D00, D00, D00"
India_004566.jpg,Normal,0,
India_004567.jpg,Normal,0,
India_004568.jpg,Normal,0,D43
India_004569.jpg,Normal,0,
India_004570.jpg,Crack,1,D00
India_004571.jpg,Crack,1,"D44, D20"
India_004572.jpg,Crack,1,"D00, D10"
India_004574.jpg,Normal,0,
India_004575.jpg,Crack,1,D00
India_004577.jpg,Normal,0,
India_004578.jpg,Normal,0,
India_004579.jpg,Normal,0,
India_004580.jpg,Crack,1,D00
India_004581.jpg,Normal,0,
India_004583.jpg,Normal,0,
India_004584.jpg,Normal,0,"D44, D44"
India_004586.jpg,Both,3,"D40, D40, D40, D20"
India_004587.jpg,Normal,0,
India_004588.jpg,Crack,1,D01
India_004589.jpg,Normal,0,
India_004592.jpg,Both,3,"D00, D40, D40, D20"
India_004593.jpg,Pothole,2,"D40, D40"
India_004594.jpg,Normal,0,
India_004595.jpg,Normal,0,
India_004597.jpg,Normal,0,
India_004599.jpg,Crack,1,"D20, D44"
India_004600.jpg,Both,3,"D40, D40, D20"
India_004601.jpg,Crack,1,"D20, D00, D00, D00"
India_004602.jpg,Crack,1,D00
India_004603.jpg,Normal,0,
India_004604.jpg,Normal,0,
India_004605.jpg,Normal,0,
India_004606.jpg,Pothole,2,D40
India_004607.jpg,Normal,0,
India_004608.jpg,Normal,0,
India_004610.jpg,Normal,0,
India_004611.jpg,Normal,0,
India_004612.jpg,Both,3,"D20, D40, D40"
India_004613.jpg,Pothole,2,D40
India_004614.jpg,Normal,0,
India_004616.jpg,Crack,1,"D00, D00, D00"
India_004618.jpg,Crack,1,"D20, D00"
India_004619.jpg,Normal,0,
India_004620.jpg,Normal,0,
India_004622.jpg,Normal,0,
India_004625.jpg,Normal,0,
India_004626.jpg,Both,3,"D20, D40"
India_004627.jpg,Pothole,2,"D40, D40, D40"
India_004628.jpg,Normal,0,
India_004629.jpg,Pothole,2,"D40, D40"
India_004630.jpg,Normal,0,
India_004631.jpg,Normal,0,
India_004632.jpg,Pothole,2,"D40, D40"
India_004633.jpg,Pothole,2,"D44, D40"
India_004634.jpg,Normal,0,
India_004635.jpg,Normal,0,
India_004636.jpg,Crack,1,D00
India_004637.jpg,Crack,1,"D00, D20"
India_004638.jpg,Normal,0,
India_004639.jpg,Pothole,2,"D40, D40, D40, D40"
India_004640.jpg,Normal,0,
India_004641.jpg,Normal,0,
India_004642.jpg,Normal,0,
India_004646.jpg,Crack,1,D20
India_004647.jpg,Normal,0,
India_004649.jpg,Normal,0,D44
India_004650.jpg,Crack,1,"D00, D20"
India_004651.jpg,Crack,1,D20
India_004652.jpg,Normal,0,
India_004653.jpg,Normal,0,
India_004654.jpg,Normal,0,
India_004655.jpg,Pothole,2,"D40, D40"
India_004657.jpg,Pothole,2,D40
India_004658.jpg,Crack,1,"D20, D44"
India_004659.jpg,Normal,0,
India_004663.jpg,Pothole,2,D40
India_004664.jpg,Crack,1,D01
India_004665.jpg,Normal,0,
India_004666.jpg,Normal,0,D44
India_004669.jpg,Both,3,"D20, D40"
India_004671.jpg,Crack,1,"D20, D44, D44"
India_004674.jpg,Normal,0,
India_004675.jpg,Normal,0,D44
India_004676.jpg,Normal,0,
India_004677.jpg,Normal,0,
India_004678.jpg,Normal,0,
India_004679.jpg,Crack,1,D20
India_004680.jpg,Normal,0,
India_004682.jpg,Normal,0,
India_004683.jpg,Normal,0,
India_004684.jpg,Normal,0,
India_004686.jpg,Both,3,"D00, D00, D40, D40"
India_004687.jpg,Normal,0,"D44, D44"
India_004688.jpg,Normal,0,
India_004689.jpg,Crack,1,"D20, D00"
India_004690.jpg,Crack,1,D20
India_004692.jpg,Normal,0,
India_004693.jpg,Normal,0,
India_004694.jpg,Normal,0,D44
India_004695.jpg,Both,3,"D00, D40, D20"
India_004696.jpg,Normal,0,
India_004697.jpg,Normal,0,
India_004698.jpg,Normal,0,
India_004699.jpg,Normal,0,
India_004700.jpg,Crack,1,D20
India_004701.jpg,Both,3,"D40, D40, D40, D40, D40, D20, D00, D00"
India_004702.jpg,Crack,1,"D20, D44, D00"
India_004703.jpg,Crack,1,D20
India_004704.jpg,Crack,1,"D00, D00"
India_004705.jpg,Pothole,2,D40
India_004706.jpg,Both,3,"D00, D40"
India_004709.jpg,Crack,1,"D20, D20"
India_004710.jpg,Pothole,2,D40
India_004713.jpg,Normal,0,
India_004714.jpg,Normal,0,"D44, D44"
India_004715.jpg,Crack,1,D20
India_004716.jpg,Normal,0,D44
India_004717.jpg,Pothole,2,"D40, D40"
India_004718.jpg,Crack,1,D20
India_004719.jpg,Both,3,"D20, D40, D40"
India_004721.jpg,Crack,1,"D44, D44, D20"
India_004722.jpg,Normal,0,
India_004723.jpg,Crack,1,D01
India_004724.jpg,Both,3,"D40, D40, D20"
India_004726.jpg,Pothole,2,"D44, D40"
India_004727.jpg,Crack,1,D20
India_004730.jpg,Crack,1,"D20, D00, D10"
India_004731.jpg,Normal,0,
India_004732.jpg,Pothole,2,"D44, D40, D40, D40, D44"
India_004733.jpg,Normal,0,
India_004734.jpg,Normal,0,
India_004735.jpg,Pothole,2,D40
India_004738.jpg,Crack,1,D00
India_004739.jpg,Both,3,"D20, D44, D40"
India_004740.jpg,Normal,0,
India_004741.jpg,Normal,0,
India_004742.jpg,Normal,0,
India_004743.jpg,Crack,1,"D44, D20, D20"
India_004744.jpg,Normal,0,
India_004745.jpg,Normal,0,
India_004747.jpg,Normal,0,
India_004749.jpg,Pothole,2,D40
India_004750.jpg,Crack,1,D00
India_004751.jpg,Normal,0,
India_004753.jpg,Normal,0,
India_004755.jpg,Both,3,"D20, D00, D00, D00, D40, D40, D40, D40"
India_004756.jpg,Crack,1,"D20, D20"
India_004758.jpg,Crack,1,D00
India_004759.jpg,Both,3,"D40, D20"
India_004760.jpg,Normal,0,
India_004761.jpg,Normal,0,D44
India_004762.jpg,Normal,0,
India_004763.jpg,Normal,0,
India_004764.jpg,Normal,0,
India_004765.jpg,Normal,0,
India_004766.jpg,Normal,0,
India_004767.jpg,Normal,0,
India_004768.jpg,Crack,1,"D44, D44, D01, D01"
India_004769.jpg,Normal,0,
India_004770.jpg,Crack,1,"D20, D00"
India_004771.jpg,Normal,0,
India_004772.jpg,Normal,0,
India_004773.jpg,Normal,0,
India_004775.jpg,Normal,0,
India_004777.jpg,Normal,0,
India_004778.jpg,Crack,1,"D00, D00"
India_004779.jpg,Pothole,2,D40
India_004780.jpg,Normal,0,
India_004781.jpg,Normal,0,
India_004782.jpg,Normal,0,
India_004784.jpg,Normal,0,
India_004785.jpg,Normal,0,
India_004788.jpg,Normal,0,
India_004790.jpg,Normal,0,
India_004792.jpg,Normal,0,
India_004793.jpg,Normal,0,
India_004797.jpg,Normal,0,
India_004798.jpg,Crack,1,D20
India_004799.jpg,Crack,1,D00
India_004800.jpg,Normal,0,
India_004801.jpg,Pothole,2,"D40, D40"
India_004802.jpg,Normal,0,
India_004803.jpg,Crack,1,D00
India_004805.jpg,Crack,1,D20
India_004806.jpg,Crack,1,D20
India_004807.jpg,Normal,0,
India_004809.jpg,Crack,1,D20
India_004810.jpg,Normal,0,
India_004812.jpg,Crack,1,D01
India_004814.jpg,Normal,0,
India_004815.jpg,Pothole,2,D40
India_004816.jpg,Normal,0,D44
India_004817.jpg,Crack,1,D01
India_004819.jpg,Crack,1,"D44, D20"
India_004820.jpg,Normal,0,
India_004821.jpg,Normal,0,
India_004822.jpg,Normal,0,D44
India_004823.jpg,Normal,0,
India_004825.jpg,Normal,0,
India_004826.jpg,Normal,0,
India_004827.jpg,Crack,1,D20
India_004828.jpg,Both,3,"D20, D40, D40"
India_004829.jpg,Normal,0,
India_004830.jpg,Crack,1,D20
India_004831.jpg,Normal,0,
India_004832.jpg,Pothole,2,"D40, D40"
India_004833.jpg,Normal,0,
India_004834.jpg,Normal,0,
India_004835.jpg,Normal,0,
India_004836.jpg,Normal,0,
India_004837.jpg,Pothole,2,D40
India_004838.jpg,Crack,1,"D20, D20"
India_004840.jpg,Normal,0,
India_004841.jpg,Normal,0,
India_004842.jpg,Crack,1,D00
India_004844.jpg,Normal,0,
India_004845.jpg,Normal,0,
India_004846.jpg,Normal,0,
India_004847.jpg,Normal,0,
India_004851.jpg,Normal,0,"D44, D44"
India_004852.jpg,Normal,0,
India_004853.jpg,Crack,1,D20
India_004854.jpg,Both,3,"D00, D40, D40"
India_004855.jpg,Normal,0,
India_004856.jpg,Normal,0,
India_004857.jpg,Normal,0,
India_004862.jpg,Normal,0,
India_004863.jpg,Pothole,2,"D40, D40"
India_004864.jpg,Normal,0,
India_004865.jpg,Pothole,2,D40
India_004868.jpg,Normal,0,
India_004870.jpg,Normal,0,
India_004872.jpg,Normal,0,
India_004874.jpg,Normal,0,
India_004876.jpg,Pothole,2,"D40, D40"
India_004877.jpg,Pothole,2,"D44, D40"
India_004878.jpg,Normal,0,
India_004879.jpg,Normal,0,
India_004880.jpg,Both,3,"D20, D00, D40, D40"
India_004881.jpg,Normal,0,
India_004882.jpg,Both,3,"D20, D40, D00"
India_004883.jpg,Normal,0,
India_004885.jpg,Normal,0,
India_004886.jpg,Normal,0,
India_004887.jpg,Both,3,"D40, D40, D40, D20"
India_004890.jpg,Normal,0,
India_004891.jpg,Crack,1,D00
India_004894.jpg,Both,3,"D01, D40"
India_004896.jpg,Crack,1,D20
India_004897.jpg,Normal,0,
India_004898.jpg,Crack,1,D20
India_004899.jpg,Pothole,2,D40
India_004900.jpg,Normal,0,
India_004901.jpg,Normal,0,
India_004902.jpg,Normal,0,
India_004904.jpg,Normal,0,"D44, D44"
India_004905.jpg,Normal,0,
India_004906.jpg,Crack,1,"D44, D20"
India_004907.jpg,Crack,1,"D00, D00, D00"
India_004908.jpg,Pothole,2,D40
India_004911.jpg,Crack,1,D20
India_004912.jpg,Crack,1,D20
India_004913.jpg,Normal,0,
India_004914.jpg,Crack,1,"D20, D20, D00, D00"
India_004915.jpg,Normal,0,
India_004916.jpg,Normal,0,
India_004917.jpg,Crack,1,D00
India_004918.jpg,Normal,0,
India_004919.jpg,Crack,1,D00
India_004920.jpg,Crack,1,"D01, D44, D44, D01"
India_004921.jpg,Normal,0,
India_004922.jpg,Normal,0,D44
India_004924.jpg,Crack,1,D20
India_004925.jpg,Normal,0,
India_004926.jpg,Normal,0,
India_004928.jpg,Both,3,"D40, D20, D20, D40, D00"
India_004929.jpg,Normal,0,
India_004931.jpg,Normal,0,
India_004933.jpg,Normal,0,
India_004934.jpg,Normal,0,D44
India_004935.jpg,Pothole,2,D40
India_004936.jpg,Normal,0,
India_004937.jpg,Crack,1,D20
India_004938.jpg,Normal,0,D44
India_004939.jpg,Normal,0,
India_004940.jpg,Pothole,2,"D40, D40, D40, D40, D40, D40, D40"
India_004941.jpg,Normal,0,
India_004942.jpg,Normal,0,
India_004943.jpg,Normal,0,
India_004944.jpg,Both,3,"D40, D40, D00"
India_004946.jpg,Normal,0,
India_004947.jpg,Normal,0,
India_004948.jpg,Normal,0,
India_004949.jpg,Crack,1,"D00, D00, D20"
India_004952.jpg,Normal,0,
India_004954.jpg,Crack,1,D00
India_004956.jpg,Normal,0,
India_004958.jpg,Pothole,2,"D40, D40, D40, D40, D40"
India_004959.jpg,Both,3,"D20, D40, D40, D40, D40, D40"
India_004961.jpg,Normal,0,
India_004963.jpg,Normal,0,
India_004964.jpg,Normal,0,
India_004965.jpg,Crack,1,D20
India_004968.jpg,Normal,0,
India_004969.jpg,Normal,0,
India_004971.jpg,Normal,0,
India_004972.jpg,Normal,0,
India_004973.jpg,Normal,0,
India_004975.jpg,Normal,0,
India_004977.jpg,Crack,1,"D00, D00, D20"
India_004978.jpg,Normal,0,
India_004979.jpg,Normal,0,
India_004980.jpg,Both,3,"D40, D40, D40, D00"
India_004981.jpg,Crack,1,D00
India_004982.jpg,Crack,1,D20
India_004983.jpg,Normal,0,
India_004984.jpg,Pothole,2,"D40, D40, D40, D40"
India_004986.jpg,Normal,0,
India_004987.jpg,Crack,1,D20
India_004988.jpg,Normal,0,
India_004989.jpg,Crack,1,D00
India_004991.jpg,Normal,0,
India_004992.jpg,Crack,1,"D20, D00"
India_004993.jpg,Normal,0,D44
India_004994.jpg,Normal,0,
India_004997.jpg,Crack,1,D00
India_004998.jpg,Crack,1,D00
India_004999.jpg,Normal,0,
India_005001.jpg,Normal,0,
India_005002.jpg,Normal,0,
India_005003.jpg,Normal,0,
India_005005.jpg,Pothole,2,"D40, D40"
India_005006.jpg,Crack,1,D20
India_005007.jpg,Normal,0,
India_005010.jpg,Normal,0,
India_005011.jpg,Normal,0,
India_005012.jpg,Normal,0,
India_005014.jpg,Both,3,"D01, D01, D40"
India_005015.jpg,Normal,0,
India_005016.jpg,Pothole,2,"D40, D40, D40, D40"
India_005018.jpg,Normal,0,
India_005019.jpg,Normal,0,
India_005020.jpg,Normal,0,
India_005021.jpg,Normal,0,
India_005022.jpg,Both,3,"D40, D40, D40, D40, D00"
India_005023.jpg,Normal,0,
India_005024.jpg,Normal,0,
India_005025.jpg,Crack,1,D20
India_005026.jpg,Normal,0,
India_005028.jpg,Normal,0,
India_005029.jpg,Normal,0,
India_005030.jpg,Crack,1,D20
India_005031.jpg,Normal,0,
India_005032.jpg,Normal,0,
India_005033.jpg,Normal,0,
India_005034.jpg,Normal,0,
India_005035.jpg,Crack,1,D20
India_005036.jpg,Crack,1,"D20, D00, D00"
India_005037.jpg,Normal,0,
India_005038.jpg,Normal,0,
India_005039.jpg,Normal,0,
India_005040.jpg,Both,3,"D40, D40, D00, D00"
India_005041.jpg,Normal,0,
India_005043.jpg,Normal,0,
India_005044.jpg,Both,3,"D20, D00, D00, D40, D40"
India_005046.jpg,Normal,0,"D44, D44"
India_005047.jpg,Both,3,"D00, D40"
India_005048.jpg,Crack,1,"D20, D44"
India_005050.jpg,Crack,1,D20
India_005051.jpg,Normal,0,
India_005053.jpg,Both,3,"D40, D01"
India_005054.jpg,Normal,0,
India_005055.jpg,Normal,0,D44
India_005057.jpg,Normal,0,
India_005058.jpg,Normal,0,
India_005059.jpg,Both,3,"D40, D40, D00, D20"
India_005061.jpg,Crack,1,D00
India_005062.jpg,Normal,0,D44
India_005063.jpg,Normal,0,
India_005065.jpg,Normal,0,
India_005066.jpg,Normal,0,
India_005067.jpg,Pothole,2,D40
India_005069.jpg,Normal,0,
India_005070.jpg,Normal,0,D44
India_005071.jpg,Both,3,"D20, D20, D40"
India_005072.jpg,Normal,0,
India_005073.jpg,Crack,1,"D01, D01, D11"
India_005075.jpg,Crack,1,"D20, D20"
India_005076.jpg,Normal,0,
India_005077.jpg,Normal,0,
India_005078.jpg,Pothole,2,D40
India_005079.jpg,Normal,0,
India_005080.jpg,Pothole,2,D40
India_005081.jpg,Both,3,"D40, D40, D40, D20"
India_005082.jpg,Normal,0,
India_005083.jpg,Normal,0,
India_005084.jpg,Both,3,"D40, D20"
India_005086.jpg,Crack,1,D00
India_005087.jpg,Normal,0,
India_005088.jpg,Pothole,2,D40
India_005089.jpg,Normal,0,
India_005090.jpg,Crack,1,D20
India_005091.jpg,Normal,0,
India_005092.jpg,Normal,0,
India_005093.jpg,Normal,0,
India_005094.jpg,Crack,1,D20
India_005095.jpg,Normal,0,
India_005096.jpg,Normal,0,
India_005097.jpg,Normal,0,
India_005098.jpg,Normal,0,
India_005099.jpg,Normal,0,
India_005100.jpg,Normal,0,
India_005101.jpg,Normal,0,
India_005102.jpg,Normal,0,
India_005103.jpg,Crack,1,D20
India_005104.jpg,Crack,1,"D44, D20, D20, D20"
India_005105.jpg,Normal,0,
India_005106.jpg,Normal,0,
India_005107.jpg,Normal,0,
India_005108.jpg,Normal,0,
India_005111.jpg,Normal,0,
India_005114.jpg,Normal,0,
India_005115.jpg,Normal,0,
India_005116.jpg,Normal,0,
India_005117.jpg,Normal,0,
India_005118.jpg,Normal,0,
India_005120.jpg,Crack,1,D20
India_005121.jpg,Crack,1,D20
India_005122.jpg,Pothole,2,"D40, D40, D40"
India_005123.jpg,Crack,1,D00
India_005124.jpg,Both,3,"D40, D20, D40"
India_005125.jpg,Normal,0,
India_005127.jpg,Normal,0,"D44, D44"
India_005128.jpg,Normal,0,
India_005129.jpg,Both,3,"D20, D40, D44"
India_005130.jpg,Normal,0,
India_005133.jpg,Crack,1,D20
India_005134.jpg,Normal,0,D44
India_005135.jpg,Pothole,2,D40
India_005136.jpg,Normal,0,
India_005137.jpg,Normal,0,
India_005138.jpg,Both,3,"D20, D44, D40"
India_005139.jpg,Normal,0,
India_005141.jpg,Crack,1,D20
India_005143.jpg,Crack,1,D20
India_005144.jpg,Normal,0,
India_005147.jpg,Crack,1,D00
India_005148.jpg,Normal,0,
India_005149.jpg,Normal,0,
India_005150.jpg,Pothole,2,"D40, D40"
India_005151.jpg,Crack,1,"D20, D20"
India_005152.jpg,Both,3,"D20, D40"
India_005153.jpg,Normal,0,D44
India_005155.jpg,Normal,0,
India_005156.jpg,Normal,0,
India_005159.jpg,Normal,0,
India_005160.jpg,Normal,0,
India_005161.jpg,Normal,0,
India_005162.jpg,Normal,0,
India_005163.jpg,Pothole,2,"D40, D40, D40"
India_005164.jpg,Normal,0,
India_005165.jpg,Normal,0,
India_005166.jpg,Crack,1,D20
India_005167.jpg,Normal,0,
India_005168.jpg,Crack,1,D01
India_005169.jpg,Normal,0,
India_005170.jpg,Normal,0,
India_005171.jpg,Normal,0,
India_005172.jpg,Normal,0,
India_005173.jpg,Normal,0,D44
India_005174.jpg,Crack,1,D00
India_005175.jpg,Normal,0,
India_005176.jpg,Crack,1,D20
India_005177.jpg,Normal,0,
India_005178.jpg,Normal,0,
India_005179.jpg,Crack,1,D00
India_005180.jpg,Normal,0,
India_005181.jpg,Normal,0,
India_005183.jpg,Normal,0,
India_005184.jpg,Normal,0,
India_005185.jpg,Normal,0,
India_005186.jpg,Crack,1,D00
India_005187.jpg,Normal,0,
India_005188.jpg,Crack,1,D00
India_005189.jpg,Normal,0,
India_005190.jpg,Normal,0,
India_005191.jpg,Pothole,2,D40
India_005193.jpg,Normal,0,
India_005194.jpg,Normal,0,
India_005195.jpg,Normal,0,
India_005197.jpg,Pothole,2,"D40, D40, D40, D40"
India_005198.jpg,Normal,0,
India_005200.jpg,Normal,0,
India_005201.jpg,Normal,0,D44
India_005203.jpg,Normal,0,
India_005204.jpg,Normal,0,
India_005206.jpg,Normal,0,
India_005210.jpg,Crack,1,D20
India_005212.jpg,Normal,0,D44
India_005214.jpg,Crack,1,D20
India_005216.jpg,Normal,0,
India_005218.jpg,Crack,1,"D20, D20"
India_005219.jpg,Both,3,"D40, D40, D40, D20, D40, D20"
India_005220.jpg,Crack,1,D00
India_005223.jpg,Normal,0,
India_005225.jpg,Crack,1,D20
India_005226.jpg,Normal,0,
India_005227.jpg,Normal,0,
India_005228.jpg,Normal,0,
India_005230.jpg,Normal,0,
India_005231.jpg,Pothole,2,"D40, D40"
India_005232.jpg,Normal,0,
India_005233.jpg,Crack,1,"D20, D00"
India_005234.jpg,Crack,1,D11
India_005235.jpg,Normal,0,
India_005236.jpg,Normal,0,
India_005239.jpg,Normal,0,
India_005240.jpg,Normal,0,
India_005242.jpg,Normal,0,"D44, D44"
India_005243.jpg,Normal,0,
India_005245.jpg,Both,3,"D40, D40, D40, D40, D40, D20"
India_005246.jpg,Crack,1,D01
India_005247.jpg,Both,3,"D40, D40, D40, D20"
India_005248.jpg,Normal,0,
India_005252.jpg,Normal,0,
India_005253.jpg,Normal,0,
India_005254.jpg,Crack,1,"D20, D44"
India_005256.jpg,Crack,1,"D20, D44, D44"
India_005257.jpg,Normal,0,D44
India_005258.jpg,Pothole,2,"D40, D40, D40"
India_005259.jpg,Normal,0,
India_005260.jpg,Pothole,2,"D40, D40"
India_005261.jpg,Normal,0,
India_005262.jpg,Crack,1,D20
India_005263.jpg,Normal,0,
India_005266.jpg,Pothole,2,D40
India_005267.jpg,Normal,0,
India_005269.jpg,Pothole,2,D40
India_005270.jpg,Normal,0,
India_005271.jpg,Normal,0,
India_005272.jpg,Normal,0,D44
India_005273.jpg,Normal,0,
India_005276.jpg,Normal,0,
India_005277.jpg,Crack,1,D00
India_005278.jpg,Crack,1,"D44, D20"
India_005279.jpg,Normal,0,
India_005280.jpg,Both,3,"D00, D40"
India_005282.jpg,Pothole,2,"D44, D40"
India_005283.jpg,Normal,0,
India_005284.jpg,Both,3,"D40, D40, D00, D00, D00, D20"
India_005285.jpg,Pothole,2,D40
India_005286.jpg,Pothole,2,"D40, D40"
India_005287.jpg,Normal,0,
India_005288.jpg,Normal,0,
India_005289.jpg,Both,3,"D20, D40"
India_005291.jpg,Both,3,"D20, D20, D40, D40, D43"
India_005293.jpg,Normal,0,
India_005294.jpg,Pothole,2,"D40, D40"
India_005295.jpg,Normal,0,
India_005296.jpg,Normal,0,
India_005297.jpg,Both,3,"D00, D40"
India_005298.jpg,Both,3,"D40, D40, D20"
India_005301.jpg,Normal,0,
India_005302.jpg,Crack,1,D20
India_005303.jpg,Normal,0,
India_005304.jpg,Normal,0,
India_005305.jpg,Pothole,2,"D40, D40, D40, D44"
India_005307.jpg,Normal,0,
India_005308.jpg,Normal,0,
India_005309.jpg,Normal,0,
India_005310.jpg,Crack,1,D20
India_005311.jpg,Normal,0,
India_005314.jpg,Both,3,"D20, D40, D40, D40"
India_005315.jpg,Normal,0,
India_005316.jpg,Crack,1,"D20, D44"
India_005317.jpg,Crack,1,"D00, D00"
India_005318.jpg,Normal,0,
India_005319.jpg,Normal,0,D44
India_005320.jpg,Crack,1,"D00, D00, D00"
India_005322.jpg,Normal,0,D50
India_005324.jpg,Crack,1,"D20, D20"
India_005326.jpg,Normal,0,
India_005328.jpg,Crack,1,"D00, D00, D00, D00, D00"
India_005329.jpg,Normal,0,
India_005330.jpg,Normal,0,D44
India_005331.jpg,Normal,0,
India_005333.jpg,Normal,0,
India_005334.jpg,Normal,0,D44
India_005335.jpg,Normal,0,
India_005336.jpg,Normal,0,
India_005337.jpg,Pothole,2,"D40, D40"
India_005338.jpg,Normal,0,D44
India_005340.jpg,Normal,0,
India_005343.jpg,Pothole,2,"D40, D40"
India_005344.jpg,Normal,0,
India_005345.jpg,Normal,0,
India_005346.jpg,Crack,1,D20
India_005347.jpg,Crack,1,D00
India_005348.jpg,Pothole,2,D40
India_005350.jpg,Both,3,"D40, D20, D40"
India_005351.jpg,Pothole,2,"D44, D44, D40"
India_005352.jpg,Normal,0,
India_005353.jpg,Normal,0,
India_005354.jpg,Crack,1,"D00, D00, D00"
India_005355.jpg,Normal,0,
India_005356.jpg,Normal,0,
India_005357.jpg,Normal,0,
India_005358.jpg,Normal,0,
India_005359.jpg,Normal,0,
India_005360.jpg,Normal,0,
India_005361.jpg,Crack,1,D20
India_005364.jpg,Normal,0,
India_005365.jpg,Crack,1,"D00, D00, D00"
India_005366.jpg,Normal,0,
India_005368.jpg,Normal,0,
India_005369.jpg,Crack,1,D20
India_005370.jpg,Normal,0,
India_005371.jpg,Normal,0,
India_005372.jpg,Both,3,"D40, D00"
India_005373.jpg,Pothole,2,D40
India_005374.jpg,Crack,1,D20
India_005375.jpg,Normal,0,
India_005376.jpg,Crack,1,"D00, D20, D00"
India_005378.jpg,Normal,0,
India_005379.jpg,Normal,0,
India_005382.jpg,Normal,0,
India_005384.jpg,Normal,0,
India_005387.jpg,Normal,0,
India_005388.jpg,Normal,0,D44
India_005389.jpg,Crack,1,D20
India_005391.jpg,Normal,0,
India_005393.jpg,Crack,1,"D20, D20"
India_005394.jpg,Crack,1,"D20, D00, D00"
India_005395.jpg,Normal,0,
India_005397.jpg,Pothole,2,"D40, D40"
India_005398.jpg,Crack,1,"D20, D00, D00, D20"
India_005399.jpg,Both,3,"D20, D40"
India_005400.jpg,Normal,0,
India_005401.jpg,Normal,0,
India_005402.jpg,Both,3,"D20, D40"
India_005403.jpg,Normal,0,
India_005404.jpg,Crack,1,D20
India_005406.jpg,Normal,0,
India_005408.jpg,Normal,0,
India_005409.jpg,Normal,0,
India_005410.jpg,Crack,1,"D20, D00"
India_005411.jpg,Both,3,"D40, D20"
India_005412.jpg,Both,3,"D40, D20, D00, D00"
India_005413.jpg,Normal,0,
India_005414.jpg,Normal,0,
India_005415.jpg,Crack,1,"D20, D20"
India_005416.jpg,Normal,0,
India_005417.jpg,Normal,0,
India_005419.jpg,Crack,1,"D20, D20, D44"
India_005420.jpg,Pothole,2,"D40, D40, D40, D40"
India_005421.jpg,Both,3,"D01, D00, D00, D40, D44, D44, D40"
India_005422.jpg,Crack,1,D20
India_005423.jpg,Crack,1,D20
India_005424.jpg,Crack,1,D20
India_005426.jpg,Normal,0,
India_005427.jpg,Pothole,2,D40
India_005428.jpg,Crack,1,D00
India_005429.jpg,Normal,0,D44
India_005430.jpg,Normal,0,
India_005431.jpg,Normal,0,D44
India_005433.jpg,Crack,1,"D20, D44"
India_005434.jpg,Normal,0,
India_005435.jpg,Normal,0,
India_005436.jpg,Both,3,"D00, D40"
India_005437.jpg,Normal,0,
India_005438.jpg,Normal,0,D44
India_005439.jpg,Pothole,2,"D40, D40, D40"
India_005441.jpg,Crack,1,"D44, D00"
India_005442.jpg,Normal,0,
India_005444.jpg,Normal,0,
India_005445.jpg,Pothole,2,"D40, D40"
India_005446.jpg,Pothole,2,D40
India_005447.jpg,Both,3,"D44, D40, D00, D20"
India_005448.jpg,Normal,0,
India_005449.jpg,Normal,0,
India_005451.jpg,Normal,0,
India_005452.jpg,Normal,0,
India_005453.jpg,Crack,1,"D00, D00"
India_005454.jpg,Normal,0,
India_005455.jpg,Pothole,2,"D40, D40, D40"
India_005456.jpg,Normal,0,
India_005457.jpg,Normal,0,
India_005458.jpg,Crack,1,D20
India_005461.jpg,Crack,1,D00
India_005463.jpg,Normal,0,
India_005465.jpg,Normal,0,D44
India_005466.jpg,Normal,0,
India_005467.jpg,Pothole,2,D40
India_005468.jpg,Normal,0,
India_005469.jpg,Pothole,2,"D40, D40, D40, D40"
India_005470.jpg,Normal,0,
India_005471.jpg,Normal,0,
India_005472.jpg,Both,3,"D40, D40, D20, D20"
India_005473.jpg,Both,3,"D40, D40, D40, D00"
India_005474.jpg,Normal,0,
India_005475.jpg,Crack,1,D20
India_005477.jpg,Normal,0,
India_005478.jpg,Normal,0,
India_005479.jpg,Normal,0,
India_005480.jpg,Normal,0,
India_005481.jpg,Normal,0,
India_005483.jpg,Normal,0,
India_005484.jpg,Normal,0,
India_005485.jpg,Normal,0,D44
India_005486.jpg,Both,3,"D20, D40, D40"
India_005487.jpg,Normal,0,
India_005488.jpg,Normal,0,
India_005489.jpg,Both,3,"D40, D40, D40, D00"
India_005490.jpg,Pothole,2,"D40, D40, D40"
India_005491.jpg,Crack,1,"D00, D00"
India_005492.jpg,Normal,0,D44
India_005493.jpg,Crack,1,D20
India_005494.jpg,Normal,0,
India_005495.jpg,Normal,0,
India_005496.jpg,Both,3,"D40, D20, D40, D40, D00"
India_005497.jpg,Normal,0,D43
India_005499.jpg,Normal,0,
India_005500.jpg,Normal,0,
India_005501.jpg,Normal,0,
India_005502.jpg,Normal,0,
India_005503.jpg,Normal,0,
India_005504.jpg,Normal,0,
India_005505.jpg,Crack,1,D00
India_005506.jpg,Normal,0,
India_005507.jpg,Normal,0,D44
India_005508.jpg,Normal,0,
India_005510.jpg,Pothole,2,D40
India_005512.jpg,Normal,0,
India_005513.jpg,Normal,0,
India_005514.jpg,Normal,0,
India_005515.jpg,Normal,0,
India_005518.jpg,Normal,0,
India_005519.jpg,Both,3,"D00, D00, D40, D40"
India_005520.jpg,Normal,0,
India_005521.jpg,Normal,0,
India_005523.jpg,Normal,0,
India_005524.jpg,Normal,0,
India_005525.jpg,Normal,0,
India_005526.jpg,Both,3,"D40, D20"
India_005527.jpg,Normal,0,
India_005528.jpg,Normal,0,"D44, D44"
India_005530.jpg,Normal,0,
India_005533.jpg,Normal,0,
India_005534.jpg,Normal,0,"D50, D44, D44"
India_005535.jpg,Crack,1,D20
India_005537.jpg,Normal,0,
India_005539.jpg,Pothole,2,D40
India_005540.jpg,Normal,0,
India_005541.jpg,Both,3,"D00, D20, D40"
India_005542.jpg,Normal,0,
India_005543.jpg,Both,3,"D20, D40"
India_005544.jpg,Crack,1,"D00, D00"
India_005545.jpg,Both,3,"D44, D20, D00, D00, D40"
India_005546.jpg,Pothole,2,"D44, D40, D40, D40"
India_005547.jpg,Both,3,"D20, D40, D40"
India_005548.jpg,Pothole,2,"D40, D40"
India_005550.jpg,Both,3,"D00, D40, D40, D40, D40, D40, D20"
India_005552.jpg,Normal,0,
India_005555.jpg,Normal,0,
India_005556.jpg,Normal,0,
India_005557.jpg,Crack,1,"D20, D00"
India_005558.jpg,Normal,0,
India_005559.jpg,Both,3,"D44, D40, D20"
India_005560.jpg,Normal,0,
India_005561.jpg,Normal,0,"D44, D44"
India_005562.jpg,Normal,0,
India_005563.jpg,Crack,1,D20
India_005564.jpg,Pothole,2,"D40, D40, D40, D40"
India_005565.jpg,Normal,0,
India_005566.jpg,Normal,0,
India_005567.jpg,Normal,0,
India_005568.jpg,Crack,1,D20
India_005569.jpg,Both,3,"D20, D40"
India_005573.jpg,Normal,0,
India_005574.jpg,Normal,0,
India_005576.jpg,Crack,1,D20
India_005578.jpg,Both,3,"D20, D40, D40, D40"
India_005579.jpg,Crack,1,D00
India_005580.jpg,Crack,1,D20
India_005581.jpg,Normal,0,
India_005582.jpg,Normal,0,
India_005586.jpg,Normal,0,
India_005588.jpg,Pothole,2,"D44, D40"
India_005589.jpg,Normal,0,
India_005591.jpg,Normal,0,
India_005592.jpg,Normal,0,
India_005593.jpg,Crack,1,"D20, D44"
India_005594.jpg,Normal,0,
India_005595.jpg,Both,3,"D20, D40, D40, D40, D40"
India_005597.jpg,Normal,0,
India_005598.jpg,Normal,0,
India_005600.jpg,Crack,1,D20
India_005601.jpg,Both,3,"D40, D20"
India_005603.jpg,Both,3,"D40, D40, D00, D20, D40, D40"
India_005605.jpg,Normal,0,
India_005608.jpg,Crack,1,D20
India_005609.jpg,Normal,0,
India_005610.jpg,Normal,0,
India_005611.jpg,Both,3,"D40, D40, D40, D40, D00"
India_005612.jpg,Both,3,"D40, D20"
India_005613.jpg,Normal,0,D43
India_005615.jpg,Normal,0,
India_005616.jpg,Crack,1,D00
India_005617.jpg,Normal,0,
India_005618.jpg,Normal,0,
India_005619.jpg,Crack,1,"D20, D00"
India_005620.jpg,Normal,0,
India_005621.jpg,Pothole,2,D40
India_005622.jpg,Normal,0,
India_005623.jpg,Crack,1,"D01, D01"
India_005624.jpg,Normal,0,
India_005625.jpg,Normal,0,
India_005626.jpg,Normal,0,
India_005627.jpg,Normal,0,
India_005628.jpg,Normal,0,
India_005630.jpg,Normal,0,
India_005633.jpg,Normal,0,
India_005634.jpg,Normal,0,
India_005635.jpg,Normal,0,
India_005636.jpg,Crack,1,D20
India_005637.jpg,Normal,0,
India_005638.jpg,Normal,0,
India_005639.jpg,Crack,1,"D44, D00, D00"
India_005640.jpg,Normal,0,
India_005641.jpg,Normal,0,
India_005642.jpg,Normal,0,
India_005643.jpg,Pothole,2,D40
India_005644.jpg,Normal,0,
India_005645.jpg,Normal,0,D44
India_005646.jpg,Normal,0,
India_005647.jpg,Normal,0,
India_005648.jpg,Normal,0,
India_005651.jpg,Normal,0,
India_005652.jpg,Normal,0,
India_005653.jpg,Normal,0,
India_005654.jpg,Normal,0,"D44, D44, D44"
India_005655.jpg,Both,3,"D01, D01, D40"
India_005656.jpg,Pothole,2,"D40, D40, D40, D40"
India_005659.jpg,Normal,0,
India_005660.jpg,Both,3,"D00, D00, D40, D20"
India_005661.jpg,Pothole,2,"D40, D40, D40"
India_005662.jpg,Normal,0,
India_005663.jpg,Normal,0,
India_005664.jpg,Normal,0,
India_005665.jpg,Normal,0,
India_005666.jpg,Normal,0,
India_005668.jpg,Normal,0,
India_005669.jpg,Normal,0,
India_005670.jpg,Crack,1,"D20, D44"
India_005671.jpg,Normal,0,
India_005672.jpg,Crack,1,"D20, D20"
India_005673.jpg,Normal,0,
India_005674.jpg,Normal,0,
India_005675.jpg,Normal,0,
India_005676.jpg,Both,3,"D20, D40, D40, D20"
India_005677.jpg,Normal,0,
India_005678.jpg,Crack,1,D20
India_005679.jpg,Normal,0,
India_005680.jpg,Crack,1,"D20, D00"
India_005681.jpg,Crack,1,"D20, D00"
India_005682.jpg,Crack,1,D00
India_005684.jpg,Normal,0,
India_005685.jpg,Normal,0,
India_005686.jpg,Normal,0,
India_005687.jpg,Normal,0,
India_005688.jpg,Normal,0,
India_005689.jpg,Normal,0,
India_005690.jpg,Normal,0,
India_005692.jpg,Normal,0,
India_005693.jpg,Both,3,"D40, D40, D00, D00"
India_005695.jpg,Normal,0,
India_005696.jpg,Normal,0,
India_005697.jpg,Both,3,"D20, D40, D40, D00"
India_005698.jpg,Pothole,2,D40
India_005699.jpg,Crack,1,"D20, D00"
India_005700.jpg,Crack,1,D20
India_005701.jpg,Pothole,2,"D40, D40, D40, D40"
India_005702.jpg,Crack,1,D00
India_005704.jpg,Pothole,2,D40
India_005706.jpg,Crack,1,D00
India_005707.jpg,Normal,0,D44
India_005709.jpg,Normal,0,
India_005711.jpg,Crack,1,D00
India_005712.jpg,Normal,0,
India_005713.jpg,Both,3,"D40, D00, D20"
India_005714.jpg,Crack,1,D20
India_005715.jpg,Both,3,"D20, D40, D44"
India_005716.jpg,Normal,0,
India_005717.jpg,Both,3,"D00, D40, D40, D40"
India_005721.jpg,Normal,0,
India_005724.jpg,Pothole,2,D40
India_005725.jpg,Normal,0,D44
India_005726.jpg,Crack,1,"D20, D44"
India_005727.jpg,Normal,0,D44
India_005728.jpg,Crack,1,"D20, D20"
India_005729.jpg,Normal,0,
India_005730.jpg,Normal,0,
India_005732.jpg,Crack,1,D20
India_005733.jpg,Normal,0,
India_005734.jpg,Normal,0,
India_005737.jpg,Normal,0,
India_005740.jpg,Normal,0,
India_005742.jpg,Normal,0,
India_005743.jpg,Both,3,"D40, D40, D40, D40, D40, D40, D00, D00, D40"
India_005744.jpg,Normal,0,
India_005745.jpg,Normal,0,
India_005746.jpg,Crack,1,"D20, D20"
India_005747.jpg,Normal,0,
India_005748.jpg,Normal,0,
India_005750.jpg,Normal,0,
India_005751.jpg,Crack,1,D20
India_005752.jpg,Normal,0,
India_005753.jpg,Normal,0,
India_005754.jpg,Normal,0,D44
India_005755.jpg,Both,3,"D20, D40"
India_005756.jpg,Normal,0,
India_005757.jpg,Both,3,"D20, D40, D40"
India_005758.jpg,Crack,1,D00
India_005760.jpg,Pothole,2,D40
India_005761.jpg,Both,3,"D20, D40"
India_005762.jpg,Both,3,"D10, D40, D00"
India_005764.jpg,Normal,0,
India_005765.jpg,Crack,1,"D20, D20, D44"
India_005767.jpg,Normal,0,D44
India_005768.jpg,Normal,0,
India_005769.jpg,Normal,0,
India_005770.jpg,Normal,0,
India_005771.jpg,Normal,0,
India_005772.jpg,Normal,0,
India_005773.jpg,Normal,0,
India_005774.jpg,Both,3,"D40, D00, D40"
India_005775.jpg,Pothole,2,"D44, D40"
India_005776.jpg,Normal,0,
India_005777.jpg,Pothole,2,D40
India_005778.jpg,Crack,1,"D20, D20"
India_005780.jpg,Normal,0,
India_005781.jpg,Both,3,"D20, D20, D40, D40, D40, D40, D40, D40, D40, D40, D40, D40, D40"
India_005782.jpg,Normal,0,
India_005783.jpg,Crack,1,D20
India_005784.jpg,Pothole,2,D40
India_005785.jpg,Normal,0,
India_005787.jpg,Normal,0,
India_005788.jpg,Crack,1,"D44, D44, D20"
India_005789.jpg,Normal,0,
India_005790.jpg,Normal,0,D43
India_005793.jpg,Normal,0,
India_005794.jpg,Normal,0,
India_005796.jpg,Normal,0,
India_005797.jpg,Pothole,2,D40
India_005798.jpg,Normal,0,
India_005799.jpg,Normal,0,
India_005801.jpg,Pothole,2,D40
India_005802.jpg,Normal,0,
India_005803.jpg,Normal,0,D44
India_005804.jpg,Normal,0,
India_005806.jpg,Normal,0,
India_005807.jpg,Crack,1,D20
India_005809.jpg,Normal,0,
India_005810.jpg,Both,3,"D40, D20, D00"
India_005811.jpg,Crack,1,D20
India_005812.jpg,Crack,1,"D00, D44"
India_005813.jpg,Normal,0,
India_005814.jpg,Normal,0,
India_005815.jpg,Normal,0,D44
India_005816.jpg,Normal,0,
India_005817.jpg,Crack,1,"D20, D44"
India_005818.jpg,Normal,0,
India_005820.jpg,Pothole,2,"D40, D40"
India_005821.jpg,Normal,0,
India_005822.jpg,Normal,0,
India_005823.jpg,Normal,0,
India_005824.jpg,Both,3,"D40, D40, D40, D40, D20"
India_005825.jpg,Normal,0,
India_005826.jpg,Normal,0,
India_005829.jpg,Crack,1,D20
India_005830.jpg,Crack,1,"D20, D00"
India_005832.jpg,Normal,0,
India_005833.jpg,Normal,0,"D44, D44"
India_005834.jpg,Normal,0,
India_005835.jpg,Crack,1,"D11, D11, D10"
India_005836.jpg,Normal,0,
India_005837.jpg,Normal,0,
India_005838.jpg,Normal,0,
India_005839.jpg,Crack,1,"D20, D44"
India_005840.jpg,Normal,0,
India_005842.jpg,Crack,1,"D44, D44, D00"
India_005843.jpg,Crack,1,D20
India_005844.jpg,Crack,1,"D00, D20, D00"
India_005845.jpg,Normal,0,
India_005846.jpg,Normal,0,
India_005847.jpg,Crack,1,"D20, D00, D00"
India_005848.jpg,Crack,1,D00
India_005849.jpg,Crack,1,"D44, D44, D20"
India_005850.jpg,Normal,0,D44
India_005851.jpg,Normal,0,
India_005852.jpg,Normal,0,
India_005853.jpg,Crack,1,"D00, D00, D20"
India_005854.jpg,Normal,0,
India_005855.jpg,Normal,0,
India_005856.jpg,Both,3,"D40, D20"
India_005857.jpg,Crack,1,D20
India_005859.jpg,Crack,1,"D00, D20"
India_005860.jpg,Normal,0,
India_005861.jpg,Normal,0,D43
India_005862.jpg,Crack,1,D00
India_005863.jpg,Normal,0,
India_005864.jpg,Normal,0,
India_005865.jpg,Normal,0,
India_005866.jpg,Crack,1,D00
India_005868.jpg,Crack,1,"D44, D20, D00, D20"
India_005869.jpg,Normal,0,
India_005870.jpg,Both,3,"D40, D40, D20, D40, D20"
India_005871.jpg,Crack,1,D20
India_005872.jpg,Crack,1,D01
India_005873.jpg,Normal,0,D44
India_005874.jpg,Normal,0,
India_005875.jpg,Crack,1,"D00, D10"
India_005876.jpg,Crack,1,D00
India_005877.jpg,Normal,0,
India_005878.jpg,Pothole,2,"D40, D40, D40"
India_005879.jpg,Normal,0,
India_005880.jpg,Normal,0,
India_005881.jpg,Crack,1,"D20, D20"
India_005882.jpg,Crack,1,"D00, D00, D00, D00, D20"
India_005883.jpg,Crack,1,"D00, D20"
India_005884.jpg,Pothole,2,D40
India_005886.jpg,Both,3,"D40, D20"
India_005887.jpg,Both,3,"D00, D40, D40, D40"
India_005889.jpg,Crack,1,D01
India_005890.jpg,Crack,1,D20
India_005891.jpg,Normal,0,
India_005892.jpg,Normal,0,
India_005893.jpg,Normal,0,
India_005894.jpg,Crack,1,D20
India_005895.jpg,Pothole,2,D40
India_005896.jpg,Normal,0,
India_005897.jpg,Normal,0,
India_005898.jpg,Normal,0,
India_005900.jpg,Both,3,"D00, D40"
India_005901.jpg,Normal,0,D44
India_005902.jpg,Normal,0,
India_005903.jpg,Crack,1,"D00, D00"
India_005905.jpg,Crack,1,D20
India_005906.jpg,Normal,0,
India_005908.jpg,Normal,0,
India_005909.jpg,Crack,1,D11
India_005910.jpg,Normal,0,
India_005911.jpg,Crack,1,D20
India_005912.jpg,Normal,0,
India_005913.jpg,Normal,0,"D44, D44"
India_005914.jpg,Normal,0,
India_005916.jpg,Crack,1,D20
India_005917.jpg,Crack,1,"D00, D00"
India_005918.jpg,Normal,0,
India_005919.jpg,Normal,0,D44
India_005920.jpg,Normal,0,
India_005921.jpg,Crack,1,D20
India_005923.jpg,Crack,1,"D00, D00"
India_005926.jpg,Crack,1,D20
India_005927.jpg,Normal,0,
India_005928.jpg,Normal,0,
India_005929.jpg,Normal,0,D44
India_005930.jpg,Normal,0,
India_005931.jpg,Normal,0,
India_005932.jpg,Normal,0,
India_005933.jpg,Crack,1,D00
India_005934.jpg,Normal,0,"D44, D44"
India_005935.jpg,Normal,0,"D44, D44"
India_005936.jpg,Crack,1,"D00, D00"
India_005937.jpg,Pothole,2,D40
India_005938.jpg,Both,3,"D40, D40, D00, D20"
India_005939.jpg,Normal,0,
India_005940.jpg,Normal,0,
India_005941.jpg,Both,3,"D20, D40"
India_005942.jpg,Normal,0,
India_005944.jpg,Crack,1,"D44, D20"
India_005945.jpg,Normal,0,
India_005948.jpg,Crack,1,"D20, D20"
India_005949.jpg,Crack,1,"D20, D44"
India_005950.jpg,Normal,0,
India_005952.jpg,Normal,0,
India_005953.jpg,Normal,0,
India_005954.jpg,Crack,1,"D20, D20"
India_005955.jpg,Normal,0,
India_005956.jpg,Normal,0,
India_005957.jpg,Normal,0,
India_005958.jpg,Normal,0,D44
India_005959.jpg,Crack,1,D00
India_005961.jpg,Normal,0,
India_005962.jpg,Pothole,2,D40
India_005963.jpg,Normal,0,
India_005964.jpg,Crack,1,D20
India_005967.jpg,Crack,1,"D44, D00"
India_005968.jpg,Both,3,"D40, D40, D20"
India_005969.jpg,Crack,1,D00
India_005970.jpg,Crack,1,"D20, D20"
India_005971.jpg,Crack,1,"D20, D20"
India_005972.jpg,Crack,1,"D44, D44, D01"
India_005973.jpg,Normal,0,D44
India_005974.jpg,Crack,1,"D20, D44"
India_005975.jpg,Crack,1,"D00, D00"
India_005976.jpg,Pothole,2,D40
India_005977.jpg,Normal,0,
India_005978.jpg,Normal,0,
India_005979.jpg,Normal,0,
India_005980.jpg,Normal,0,
India_005981.jpg,Normal,0,
India_005982.jpg,Normal,0,
India_005983.jpg,Crack,1,D20
India_005985.jpg,Normal,0,
India_005986.jpg,Normal,0,D44
India_005987.jpg,Normal,0,
India_005988.jpg,Crack,1,"D20, D44"
India_005989.jpg,Normal,0,
India_005990.jpg,Normal,0,
India_005991.jpg,Crack,1,"D44, D20"
India_005992.jpg,Crack,1,"D00, D00, D00"
India_005993.jpg,Both,3,"D20, D20, D40, D40"
India_005994.jpg,Crack,1,"D20, D20"
India_005995.jpg,Pothole,2,D40
India_005996.jpg,Crack,1,D20
India_005998.jpg,Normal,0,
India_005999.jpg,Normal,0,
India_006000.jpg,Crack,1,"D00, D00"
India_006003.jpg,Crack,1,"D01, D01"
India_006004.jpg,Pothole,2,D40
India_006005.jpg,Normal,0,
India_006006.jpg,Normal,0,
India_006008.jpg,Normal,0,D44
India_006009.jpg,Normal,0,
India_006010.jpg,Normal,0,
India_006011.jpg,Normal,0,
India_006012.jpg,Crack,1,"D00, D00, D44, D44"
India_006013.jpg,Normal,0,
India_006014.jpg,Crack,1,"D44, D20, D20, D00"
India_006018.jpg,Normal,0,
India_006020.jpg,Crack,1,"D00, D00, D20"
India_006021.jpg,Normal,0,
India_006022.jpg,Normal,0,
India_006024.jpg,Normal,0,
India_006025.jpg,Crack,1,D00
India_006026.jpg,Crack,1,"D00, D20"
India_006027.jpg,Both,3,"D20, D00, D40"
India_006029.jpg,Crack,1,"D20, D00, D00"
India_006030.jpg,Crack,1,"D20, D20, D44"
India_006031.jpg,Both,3,"D00, D10, D40"
India_006032.jpg,Normal,0,
India_006033.jpg,Pothole,2,"D44, D40"
India_006034.jpg,Normal,0,
India_006035.jpg,Normal,0,D44
India_006036.jpg,Normal,0,D44
India_006037.jpg,Normal,0,
India_006038.jpg,Normal,0,
India_006039.jpg,Normal,0,
India_006041.jpg,Normal,0,
India_006042.jpg,Crack,1,"D44, D20"
India_006043.jpg,Normal,0,
India_006044.jpg,Normal,0,
India_006045.jpg,Both,3,"D00, D40, D40, D40, D40, D20, D40"
India_006046.jpg,Normal,0,
India_006047.jpg,Normal,0,
India_006048.jpg,Normal,0,
India_006049.jpg,Normal,0,"D44, D44"
India_006050.jpg,Crack,1,D00
India_006052.jpg,Normal,0,
India_006053.jpg,Normal,0,
India_006054.jpg,Normal,0,
India_006055.jpg,Normal,0,
India_006056.jpg,Normal,0,
India_006057.jpg,Crack,1,"D20, D00"
India_006058.jpg,Crack,1,"D00, D00, D00, D20"
India_006059.jpg,Normal,0,
India_006060.jpg,Crack,1,"D20, D44"
India_006061.jpg,Pothole,2,"D44, D40, D40"
India_006062.jpg,Crack,1,D20
India_006063.jpg,Crack,1,D20
India_006064.jpg,Normal,0,
India_006065.jpg,Crack,1,"D20, D44"
India_006066.jpg,Normal,0,
India_006069.jpg,Normal,0,
India_006071.jpg,Crack,1,"D00, D20"
India_006072.jpg,Normal,0,
India_006073.jpg,Normal,0,
India_006074.jpg,Crack,1,D00
India_006075.jpg,Normal,0,
India_006076.jpg,Pothole,2,D40
India_006077.jpg,Crack,1,D20
India_006078.jpg,Normal,0,D44
India_006079.jpg,Normal,0,D44
India_006080.jpg,Crack,1,"D00, D00"
India_006081.jpg,Normal,0,
India_006084.jpg,Normal,0,
India_006086.jpg,Normal,0,
India_006087.jpg,Both,3,"D20, D00, D40"
India_006088.jpg,Crack,1,D20
India_006089.jpg,Normal,0,
India_006091.jpg,Crack,1,D00
India_006092.jpg,Normal,0,
India_006093.jpg,Normal,0,D44
India_006094.jpg,Crack,1,D20
India_006095.jpg,Both,3,"D40, D00, D40"
India_006096.jpg,Crack,1,D20
India_006097.jpg,Crack,1,"D00, D20, D00"
India_006098.jpg,Pothole,2,D40
India_006099.jpg,Normal,0,
India_006100.jpg,Both,3,"D40, D40, D20"
India_006101.jpg,Normal,0,
India_006102.jpg,Normal,0,
India_006103.jpg,Pothole,2,"D40, D40, D40, D40"
India_006104.jpg,Crack,1,D00
India_006105.jpg,Normal,0,
India_006106.jpg,Normal,0,
India_006108.jpg,Crack,1,D20
India_006109.jpg,Pothole,2,D40
India_006110.jpg,Normal,0,
India_006111.jpg,Crack,1,"D20, D20"
India_006112.jpg,Pothole,2,"D40, D40"
India_006113.jpg,Normal,0,
India_006114.jpg,Pothole,2,"D40, D40, D40, D40"
India_006115.jpg,Pothole,2,"D40, D40"
India_006116.jpg,Normal,0,
India_006117.jpg,Pothole,2,"D40, D40, D40"
India_006120.jpg,Normal,0,
India_006121.jpg,Crack,1,"D20, D00"
India_006122.jpg,Normal,0,
India_006124.jpg,Crack,1,D20
India_006125.jpg,Crack,1,D00
India_006126.jpg,Crack,1,D20
India_006127.jpg,Pothole,2,"D40, D40"
India_006128.jpg,Crack,1,D20
India_006129.jpg,Crack,1,"D00, D00, D00"
India_006130.jpg,Normal,0,
India_006131.jpg,Normal,0,D43
India_006132.jpg,Pothole,2,"D40, D40"
India_006133.jpg,Crack,1,D20
India_006137.jpg,Pothole,2,D40
India_006138.jpg,Normal,0,
India_006139.jpg,Normal,0,
India_006141.jpg,Normal,0,
India_006142.jpg,Normal,0,
India_006144.jpg,Normal,0,
India_006146.jpg,Normal,0,
India_006148.jpg,Pothole,2,D40
India_006149.jpg,Normal,0,
India_006150.jpg,Crack,1,D00
India_006152.jpg,Crack,1,D00
India_006154.jpg,Normal,0,
India_006155.jpg,Normal,0,
India_006160.jpg,Both,3,"D20, D40"
India_006161.jpg,Normal,0,
India_006162.jpg,Normal,0,
India_006163.jpg,Crack,1,D01
India_006164.jpg,Normal,0,
India_006165.jpg,Crack,1,D10
India_006166.jpg,Normal,0,
India_006167.jpg,Both,3,"D20, D20, D40"
India_006168.jpg,Normal,0,
India_006169.jpg,Normal,0,
India_006170.jpg,Normal,0,D44
India_006171.jpg,Normal,0,
India_006172.jpg,Normal,0,
India_006174.jpg,Both,3,"D40, D00"
India_006175.jpg,Crack,1,D20
India_006176.jpg,Normal,0,
India_006177.jpg,Both,3,"D40, D40, D40, D40, D40, D40, D20"
India_006179.jpg,Normal,0,
India_006180.jpg,Crack,1,D20
India_006181.jpg,Normal,0,
India_006182.jpg,Normal,0,
India_006183.jpg,Normal,0,
India_006185.jpg,Normal,0,
India_006186.jpg,Normal,0,D43
India_006187.jpg,Pothole,2,"D40, D40, D40, D40"
India_006189.jpg,Normal,0,
India_006192.jpg,Crack,1,"D20, D44"
India_006193.jpg,Normal,0,
India_006194.jpg,Crack,1,D20
India_006197.jpg,Both,3,"D50, D00, D00, D40"
India_006198.jpg,Normal,0,
India_006199.jpg,Normal,0,
India_006200.jpg,Normal,0,
India_006201.jpg,Both,3,"D20, D40, D40, D40, D40, D40"
India_006202.jpg,Both,3,"D20, D40, D40"
India_006204.jpg,Normal,0,
India_006205.jpg,Crack,1,"D00, D00"
India_006206.jpg,Normal,0,
India_006210.jpg,Crack,1,D20
India_006211.jpg,Normal,0,
India_006212.jpg,Both,3,"D40, D40, D40, D40, D20"
India_006213.jpg,Crack,1,D00
India_006214.jpg,Pothole,2,"D40, D40"
India_006215.jpg,Crack,1,D00
India_006216.jpg,Normal,0,
India_006218.jpg,Normal,0,
India_006219.jpg,Crack,1,D20
India_006220.jpg,Normal,0,"D44, D44"
India_006221.jpg,Normal,0,D44
India_006222.jpg,Normal,0,
India_006223.jpg,Normal,0,
India_006224.jpg,Normal,0,
India_006228.jpg,Crack,1,D20
India_006229.jpg,Crack,1,D20
India_006230.jpg,Normal,0,
India_006231.jpg,Normal,0,
India_006232.jpg,Normal,0,
India_006233.jpg,Crack,1,"D00, D00, D20"
India_006234.jpg,Normal,0,
India_006236.jpg,Normal,0,
India_006237.jpg,Pothole,2,D40
India_006238.jpg,Crack,1,"D00, D00, D20, D20"
India_006239.jpg,Both,3,"D20, D40, D00, D00, D44"
India_006240.jpg,Crack,1,D00
India_006241.jpg,Crack,1,D20
India_006243.jpg,Normal,0,
India_006244.jpg,Crack,1,"D00, D00, D10"
India_006245.jpg,Normal,0,D44
India_006246.jpg,Normal,0,
India_006248.jpg,Pothole,2,"D40, D40, D40, D40"
India_006249.jpg,Normal,0,
India_006250.jpg,Pothole,2,D40
India_006251.jpg,Normal,0,
India_006252.jpg,Normal,0,
India_006253.jpg,Crack,1,"D20, D44"
India_006254.jpg,Normal,0,
India_006255.jpg,Crack,1,"D10, D10, D10, D10"
India_006256.jpg,Normal,0,
India_006257.jpg,Pothole,2,"D40, D40"
India_006258.jpg,Normal,0,
India_006260.jpg,Crack,1,"D20, D00"
India_006262.jpg,Normal,0,D43
India_006265.jpg,Normal,0,
India_006266.jpg,Crack,1,"D20, D00"
India_006268.jpg,Normal,0,D50
India_006269.jpg,Both,3,"D40, D20"
India_006271.jpg,Normal,0,
India_006272.jpg,Normal,0,
India_006273.jpg,Normal,0,
India_006274.jpg,Both,3,"D40, D40, D40, D20, D40, D00, D20, D40, D00"
India_006275.jpg,Both,3,"D40, D40, D20"
India_006277.jpg,Normal,0,
India_006278.jpg,Normal,0,
India_006280.jpg,Crack,1,D20
India_006281.jpg,Crack,1,D20
India_006282.jpg,Normal,0,
India_006283.jpg,Normal,0,
India_006284.jpg,Normal,0,
India_006285.jpg,Normal,0,
India_006286.jpg,Crack,1,D20
India_006287.jpg,Crack,1,"D00, D00, D20"
India_006288.jpg,Normal,0,
India_006289.jpg,Normal,0,
India_006290.jpg,Pothole,2,"D40, D40, D40, D40, D40, D40, D40"
India_006291.jpg,Normal,0,
India_006292.jpg,Normal,0,
India_006293.jpg,Both,3,"D40, D40, D40, D20"
India_006295.jpg,Both,3,"D40, D40, D40, D20"
India_006297.jpg,Pothole,2,D40
India_006300.jpg,Crack,1,D00
India_006301.jpg,Normal,0,
India_006302.jpg,Normal,0,D44
India_006303.jpg,Normal,0,
India_006304.jpg,Normal,0,
India_006305.jpg,Both,3,"D01, D40"
India_006306.jpg,Normal,0,
India_006308.jpg,Normal,0,
India_006310.jpg,Crack,1,D20
India_006312.jpg,Normal,0,
India_006314.jpg,Normal,0,D44
India_006315.jpg,Normal,0,
India_006316.jpg,Both,3,"D20, D40"
India_006317.jpg,Normal,0,
India_006318.jpg,Both,3,"D40, D40, D10"
India_006319.jpg,Normal,0,D44
India_006320.jpg,Both,3,"D40, D00"
India_006321.jpg,Normal,0,
India_006322.jpg,Both,3,"D00, D40"
India_006323.jpg,Normal,0,
India_006324.jpg,Normal,0,
India_006325.jpg,Both,3,"D00, D40, D20, D20, D40"
India_006326.jpg,Pothole,2,D40
India_006327.jpg,Pothole,2,"D44, D40, D44"
India_006328.jpg,Pothole,2,"D44, D40"
India_006329.jpg,Crack,1,D20
India_006330.jpg,Crack,1,D20
India_006331.jpg,Normal,0,
India_006332.jpg,Normal,0,
India_006333.jpg,Normal,0,
India_006335.jpg,Normal,0,
India_006336.jpg,Pothole,2,D40
India_006337.jpg,Normal,0,D43
India_006338.jpg,Crack,1,D20
India_006339.jpg,Both,3,"D20, D40, D40"
India_006340.jpg,Normal,0,
India_006341.jpg,Normal,0,
India_006342.jpg,Both,3,"D00, D00, D00, D40, D40, D40, D20"
India_006345.jpg,Normal,0,
India_006347.jpg,Normal,0,
India_006348.jpg,Normal,0,
India_006349.jpg,Normal,0,
India_006353.jpg,Normal,0,
India_006354.jpg,Normal,0,
India_006355.jpg,Normal,0,
India_006357.jpg,Normal,0,
India_006358.jpg,Normal,0,
India_006359.jpg,Normal,0,
India_006360.jpg,Normal,0,D44
India_006361.jpg,Crack,1,D01
India_006362.jpg,Both,3,"D20, D40, D40"
India_006363.jpg,Crack,1,"D20, D00"
India_006364.jpg,Pothole,2,D40
India_006365.jpg,Pothole,2,"D40, D40"
India_006367.jpg,Pothole,2,"D40, D40, D40, D40, D40"
India_006368.jpg,Both,3,"D20, D40, D40, D40, D40, D40"
India_006369.jpg,Both,3,"D40, D40, D20"
India_006370.jpg,Crack,1,"D20, D00"
India_006371.jpg,Crack,1,"D44, D44, D44, D44, D00, D00"
India_006372.jpg,Normal,0,
India_006373.jpg,Pothole,2,"D40, D50"
India_006374.jpg,Normal,0,
India_006375.jpg,Crack,1,"D20, D44, D44"
India_006376.jpg,Normal,0,
India_006378.jpg,Both,3,"D00, D00, D40"
India_006379.jpg,Normal,0,
India_006381.jpg,Crack,1,D20
India_006382.jpg,Both,3,"D20, D40, D40"
India_006383.jpg,Crack,1,D20
India_006385.jpg,Normal,0,
India_006386.jpg,Crack,1,"D44, D20"
India_006388.jpg,Both,3,"D00, D40"
India_006389.jpg,Normal,0,D0w0
India_006390.jpg,Crack,1,D20
India_006391.jpg,Normal,0,
India_006392.jpg,Crack,1,D20
India_006395.jpg,Crack,1,"D00, D00, D00, D20, D20"
India_006396.jpg,Normal,0,
India_006397.jpg,Pothole,2,"D40, D40, D40, D40, D40"
India_006398.jpg,Crack,1,D20
India_006401.jpg,Crack,1,"D00, D00, D00, D00, D00"
India_006402.jpg,Normal,0,
India_006403.jpg,Normal,0,
India_006405.jpg,Normal,0,
India_006406.jpg,Pothole,2,D40
India_006407.jpg,Normal,0,
India_006408.jpg,Normal,0,
India_006409.jpg,Normal,0,
India_006410.jpg,Normal,0,
India_006411.jpg,Pothole,2,"D40, D40, D40"
India_006412.jpg,Normal,0,
India_006413.jpg,Normal,0,
India_006414.jpg,Crack,1,D10
India_006415.jpg,Crack,1,"D11, D01, D01, D11"
India_006419.jpg,Normal,0,
India_006420.jpg,Normal,0,
India_006425.jpg,Normal,0,
India_006426.jpg,Crack,1,D00
India_006427.jpg,Normal,0,
India_006428.jpg,Crack,1,D01
India_006429.jpg,Normal,0,
India_006430.jpg,Normal,0,
India_006432.jpg,Normal,0,
India_006433.jpg,Both,3,"D40, D40, D40, D40, D40, D40, D40, D00, D20"
India_006434.jpg,Normal,0,
India_006436.jpg,Normal,0,
India_006437.jpg,Normal,0,
India_006441.jpg,Crack,1,D20
India_006442.jpg,Normal,0,
India_006444.jpg,Both,3,"D20, D40"
India_006446.jpg,Crack,1,D20
India_006447.jpg,Pothole,2,"D40, D40"
India_006448.jpg,Normal,0,
India_006449.jpg,Normal,0,
India_006450.jpg,Both,3,"D20, D00, D40"
India_006451.jpg,Normal,0,
India_006452.jpg,Pothole,2,D40
India_006454.jpg,Normal,0,
India_006455.jpg,Normal,0,
India_006459.jpg,Normal,0,
India_006460.jpg,Crack,1,"D00, D00"
India_006462.jpg,Pothole,2,D40
India_006463.jpg,Normal,0,
India_006464.jpg,Crack,1,"D00, D00, D00"
India_006465.jpg,Pothole,2,"D40, D40, D40, D40, D40, D40"
India_006466.jpg,Pothole,2,"D40, D40, D40"
India_006469.jpg,Both,3,"D20, D20, D40"
India_006470.jpg,Normal,0,
India_006473.jpg,Both,3,"D20, D40, D40, D40, D40"
India_006474.jpg,Pothole,2,D40
India_006475.jpg,Normal,0,
India_006476.jpg,Pothole,2,D40
India_006478.jpg,Normal,0,
India_006479.jpg,Crack,1,D00
India_006480.jpg,Normal,0,
India_006481.jpg,Normal,0,
India_006482.jpg,Normal,0,
India_006483.jpg,Normal,0,
India_006485.jpg,Normal,0,
India_006486.jpg,Normal,0,
India_006487.jpg,Normal,0,
India_006488.jpg,Crack,1,D20
India_006490.jpg,Both,3,"D40, D10, D40"
India_006491.jpg,Crack,1,D20
India_006493.jpg,Crack,1,"D00, D00, D20"
India_006494.jpg,Normal,0,
India_006495.jpg,Crack,1,"D00, D00"
India_006496.jpg,Normal,0,
India_006497.jpg,Normal,0,"D44, D44"
India_006498.jpg,Crack,1,"D00, D00, D00, D00"
India_006499.jpg,Normal,0,
India_006501.jpg,Normal,0,
India_006502.jpg,Pothole,2,D40
India_006504.jpg,Normal,0,D44
India_006505.jpg,Normal,0,
India_006506.jpg,Normal,0,
India_006507.jpg,Normal,0,
India_006509.jpg,Normal,0,
India_006510.jpg,Normal,0,
India_006511.jpg,Normal,0,
India_006513.jpg,Normal,0,
India_006516.jpg,Normal,0,
India_006517.jpg,Normal,0,
India_006518.jpg,Pothole,2,D40
India_006519.jpg,Crack,1,D20
India_006520.jpg,Pothole,2,"D40, D40"
India_006522.jpg,Normal,0,
India_006523.jpg,Normal,0,
India_006524.jpg,Both,3,"D20, D40, D40, D40, D40, D40"
India_006525.jpg,Normal,0,
India_006526.jpg,Normal,0,
India_006528.jpg,Normal,0,
India_006529.jpg,Both,3,"D00, D40, D40"
India_006530.jpg,Pothole,2,"D40, D40"
India_006531.jpg,Normal,0,
India_006532.jpg,Pothole,2,D40
India_006533.jpg,Crack,1,D00
India_006534.jpg,Normal,0,
India_006535.jpg,Both,3,"D40, D40, D20"
India_006536.jpg,Both,3,"D40, D40, D40, D20"
India_006537.jpg,Crack,1,D20
India_006538.jpg,Crack,1,D00
India_006539.jpg,Normal,0,
India_006540.jpg,Normal,0,
India_006541.jpg,Normal,0,
India_006542.jpg,Normal,0,
India_006543.jpg,Crack,1,"D20, D00"
India_006544.jpg,Pothole,2,"D40, D40"
India_006545.jpg,Crack,1,D20
India_006547.jpg,Normal,0,
India_006549.jpg,Pothole,2,"D40, D40"
India_006550.jpg,Normal,0,D44
India_006551.jpg,Normal,0,
India_006552.jpg,Normal,0,
India_006555.jpg,Pothole,2,"D44, D40"
India_006556.jpg,Normal,0,
India_006557.jpg,Crack,1,D20
India_006560.jpg,Normal,0,
India_006561.jpg,Crack,1,"D44, D44, D10"
India_006562.jpg,Normal,0,D43
India_006563.jpg,Normal,0,
India_006564.jpg,Pothole,2,"D40, D40"
India_006565.jpg,Normal,0,
India_006566.jpg,Normal,0,
India_006567.jpg,Normal,0,
India_006570.jpg,Normal,0,
India_006571.jpg,Normal,0,
India_006576.jpg,Normal,0,D50
India_006577.jpg,Normal,0,
India_006578.jpg,Normal,0,
India_006579.jpg,Normal,0,
India_006580.jpg,Both,3,"D40, D20"
India_006581.jpg,Both,3,"D50, D00, D40, D44"
India_006582.jpg,Crack,1,"D44, D20, D20"
India_006583.jpg,Normal,0,"D44, D44"
India_006584.jpg,Normal,0,
India_006585.jpg,Normal,0,
India_006586.jpg,Normal,0,
India_006588.jpg,Normal,0,
India_006589.jpg,Crack,1,D20
India_006592.jpg,Crack,1,"D20, D20"
India_006593.jpg,Pothole,2,D40
India_006594.jpg,Crack,1,D20
India_006595.jpg,Both,3,"D40, D40, D00"
India_006596.jpg,Normal,0,
India_006597.jpg,Normal,0,D44
India_006598.jpg,Crack,1,D20
India_006599.jpg,Normal,0,
India_006600.jpg,Normal,0,
India_006601.jpg,Both,3,"D20, D20, D40"
India_006602.jpg,Crack,1,D00
India_006603.jpg,Both,3,"D40, D40, D40, D40, D40, D20"
India_006605.jpg,Normal,0,
India_006607.jpg,Crack,1,"D00, D00, D20"
India_006608.jpg,Pothole,2,D40
India_006609.jpg,Normal,0,
India_006610.jpg,Normal,0,
India_006613.jpg,Both,3,"D40, D40, D00, D00, D20"
India_006614.jpg,Both,3,"D20, D40, D40, D40"
India_006615.jpg,Normal,0,
India_006617.jpg,Normal,0,
India_006619.jpg,Both,3,"D00, D40, D40, D10, D10"
India_006620.jpg,Normal,0,
India_006621.jpg,Normal,0,
India_006622.jpg,Both,3,"D40, D40, D20"
India_006623.jpg,Normal,0,
India_006624.jpg,Normal,0,
India_006625.jpg,Normal,0,D44
India_006626.jpg,Normal,0,
India_006627.jpg,Crack,1,"D00, D00, D00, D00, D00"
India_006628.jpg,Normal,0,
India_006629.jpg,Normal,0,
India_006630.jpg,Both,3,"D40, D44, D20, D40, D40"
India_006632.jpg,Normal,0,
India_006633.jpg,Both,3,"D20, D40, D40"
India_006634.jpg,Pothole,2,D40
India_006635.jpg,Normal,0,D44
India_006636.jpg,Normal,0,
India_006637.jpg,Normal,0,
India_006639.jpg,Normal,0,
India_006640.jpg,Both,3,"D40, D40, D40, D40, D20"
India_006641.jpg,Normal,0,
India_006643.jpg,Crack,1,"D20, D20, D44"
India_006644.jpg,Crack,1,D20
India_006645.jpg,Crack,1,"D20, D44, D44"
India_006646.jpg,Crack,1,D00
India_006647.jpg,Pothole,2,"D40, D40"
India_006648.jpg,Normal,0,
India_006649.jpg,Normal,0,
India_006650.jpg,Normal,0,
India_006651.jpg,Both,3,"D20, D40"
India_006652.jpg,Crack,1,D01
India_006654.jpg,Crack,1,D20
India_006656.jpg,Crack,1,D20
India_006657.jpg,Normal,0,
India_006658.jpg,Normal,0,
India_006659.jpg,Normal,0,
India_006660.jpg,Normal,0,
India_006661.jpg,Normal,0,
India_006663.jpg,Crack,1,D20
India_006665.jpg,Pothole,2,"D40, D40"
India_006666.jpg,Crack,1,D20
India_006667.jpg,Normal,0,
India_006668.jpg,Crack,1,"D00, D00, D20"
India_006669.jpg,Normal,0,
India_006670.jpg,Both,3,"D40, D00, D00, D20, D20"
India_006672.jpg,Both,3,"D40, D20, D40"
India_006673.jpg,Pothole,2,"D40, D40, D40"
India_006674.jpg,Crack,1,"D20, D00"
India_006675.jpg,Crack,1,"D20, D44"
India_006676.jpg,Crack,1,"D00, D00"
India_006677.jpg,Pothole,2,D40
India_006678.jpg,Normal,0,
India_006679.jpg,Normal,0,
India_006681.jpg,Normal,0,
India_006682.jpg,Normal,0,
India_006685.jpg,Normal,0,
India_006686.jpg,Normal,0,
India_006688.jpg,Normal,0,
India_006689.jpg,Normal,0,
India_006690.jpg,Crack,1,D00
India_006691.jpg,Pothole,2,"D40, D40, D40, D40"
India_006692.jpg,Crack,1,"D20, D44"
India_006693.jpg,Normal,0,D44
India_006695.jpg,Normal,0,
India_006696.jpg,Normal,0,
India_006697.jpg,Pothole,2,D40
India_006698.jpg,Crack,1,D00
India_006699.jpg,Both,3,"D40, D20, D20, D44, D40"
India_006700.jpg,Normal,0,
India_006701.jpg,Normal,0,
India_006702.jpg,Pothole,2,D40
India_006703.jpg,Normal,0,
India_006704.jpg,Crack,1,D00
India_006705.jpg,Crack,1,"D00, D00, D00"
India_006706.jpg,Normal,0,
India_006707.jpg,Both,3,"D20, D40, D40, D40, D40, D40, D40"
India_006708.jpg,Normal,0,
India_006709.jpg,Normal,0,D43
India_006710.jpg,Pothole,2,"D40, D40, D40"
India_006712.jpg,Normal,0,
India_006713.jpg,Both,3,"D40, D40, D00, D00, D40, D44"
India_006714.jpg,Pothole,2,D40
India_006715.jpg,Crack,1,D20
India_006716.jpg,Normal,0,
India_006717.jpg,Crack,1,"D01, D01"
India_006718.jpg,Normal,0,
India_006719.jpg,Normal,0,
India_006720.jpg,Normal,0,
India_006721.jpg,Normal,0,
India_006722.jpg,Normal,0,D44
India_006723.jpg,Normal,0,
India_006724.jpg,Normal,0,
India_006726.jpg,Normal,0,"D44, D44, D44"
India_006727.jpg,Crack,1,D20
India_006728.jpg,Normal,0,
India_006729.jpg,Normal,0,
India_006730.jpg,Crack,1,D20
India_006731.jpg,Normal,0,
India_006733.jpg,Normal,0,
India_006735.jpg,Normal,0,
India_006736.jpg,Crack,1,D10
India_006737.jpg,Normal,0,
India_006739.jpg,Pothole,2,"D40, D40"
India_006740.jpg,Normal,0,
India_006741.jpg,Normal,0,D44
India_006745.jpg,Normal,0,
India_006746.jpg,Normal,0,
India_006749.jpg,Both,3,"D40, D20"
India_006751.jpg,Pothole,2,"D44, D40"
India_006753.jpg,Normal,0,
India_006754.jpg,Normal,0,
India_006755.jpg,Normal,0,
India_006756.jpg,Both,3,"D20, D40"
India_006758.jpg,Normal,0,
India_006759.jpg,Crack,1,"D00, D20"
India_006760.jpg,Both,3,"D44, D20, D40"
India_006761.jpg,Normal,0,
India_006763.jpg,Normal,0,
India_006766.jpg,Normal,0,
India_006767.jpg,Both,3,"D00, D10, D40, D40, D40"
India_006768.jpg,Pothole,2,"D40, D40, D40, D40, D40"
India_006769.jpg,Crack,1,D20
India_006770.jpg,Normal,0,
India_006773.jpg,Crack,1,D00
India_006775.jpg,Normal,0,D44
India_006776.jpg,Normal,0,
India_006777.jpg,Pothole,2,"D40, D40"
India_006778.jpg,Crack,1,D11
India_006779.jpg,Crack,1,"D20, D44"
India_006780.jpg,Both,3,"D40, D20"
India_006781.jpg,Crack,1,"D20, D20"
India_006782.jpg,Normal,0,
India_006785.jpg,Normal,0,
India_006786.jpg,Normal,0,
India_006787.jpg,Both,3,"D44, D40, D40, D40, D00, D20"
India_006788.jpg,Normal,0,
India_006789.jpg,Crack,1,"D20, D44"
India_006790.jpg,Normal,0,
India_006791.jpg,Normal,0,
India_006793.jpg,Normal,0,"D44, D44"
India_006794.jpg,Pothole,2,"D40, D40"
India_006796.jpg,Normal,0,
India_006797.jpg,Normal,0,
India_006799.jpg,Normal,0,
India_006801.jpg,Normal,0,
India_006802.jpg,Normal,0,
India_006803.jpg,Normal,0,
India_006804.jpg,Normal,0,
India_006805.jpg,Normal,0,
India_006806.jpg,Normal,0,
India_006807.jpg,Normal,0,
India_006808.jpg,Pothole,2,D40
India_006809.jpg,Crack,1,"D00, D00"
India_006811.jpg,Crack,1,D20
India_006812.jpg,Normal,0,
India_006813.jpg,Crack,1,D00
India_006814.jpg,Normal,0,
India_006815.jpg,Crack,1,"D44, D20"
India_006816.jpg,Normal,0,
India_006817.jpg,Crack,1,D20
India_006818.jpg,Normal,0,
India_006819.jpg,Normal,0,D44
India_006820.jpg,Crack,1,"D44, D20"
India_006821.jpg,Normal,0,
India_006822.jpg,Crack,1,"D20, D00"
India_006823.jpg,Crack,1,"D20, D20"
India_006824.jpg,Normal,0,D44
India_006825.jpg,Crack,1,D20
India_006826.jpg,Normal,0,
India_006827.jpg,Normal,0,
India_006829.jpg,Normal,0,
India_006831.jpg,Crack,1,D20
India_006832.jpg,Crack,1,"D20, D20, D44"
India_006834.jpg,Normal,0,
India_006835.jpg,Crack,1,D20
India_006838.jpg,Normal,0,
India_006839.jpg,Crack,1,"D44, D44, D20"
India_006841.jpg,Normal,0,D44
India_006843.jpg,Crack,1,D20
India_006844.jpg,Crack,1,D00
India_006845.jpg,Pothole,2,D40
India_006846.jpg,Normal,0,"D44, D44"
India_006847.jpg,Both,3,"D11, D40, D50"
India_006848.jpg,Normal,0,"D44, D44"
India_006850.jpg,Crack,1,"D20, D44, D44"
India_006851.jpg,Pothole,2,"D40, D40"
India_006853.jpg,Normal,0,
India_006854.jpg,Normal,0,
India_006859.jpg,Normal,0,
India_006860.jpg,Normal,0,
India_006862.jpg,Both,3,"D40, D40, D40, D40, D40, D20, D00, D40, D40"
India_006863.jpg,Crack,1,D20
India_006864.jpg,Normal,0,
India_006865.jpg,Normal,0,
India_006867.jpg,Crack,1,D00
India_006868.jpg,Normal,0,
India_006869.jpg,Normal,0,
India_006872.jpg,Normal,0,D44
India_006873.jpg,Both,3,"D40, D20"
India_006874.jpg,Both,3,"D40, D00, D20"
India_006875.jpg,Normal,0,
India_006876.jpg,Crack,1,D20
India_006877.jpg,Normal,0,
India_006879.jpg,Normal,0,
India_006880.jpg,Normal,0,D44
India_006882.jpg,Crack,1,"D44, D20"
India_006883.jpg,Pothole,2,"D40, D40, D44"
India_006884.jpg,Normal,0,D44
India_006885.jpg,Crack,1,D20
India_006888.jpg,Crack,1,D00
India_006889.jpg,Both,3,"D40, D20, D00, D00"
India_006890.jpg,Normal,0,
India_006891.jpg,Normal,0,
India_006892.jpg,Normal,0,
India_006893.jpg,Crack,1,"D00, D00, D00"
India_006894.jpg,Normal,0,
India_006895.jpg,Normal,0,
India_006896.jpg,Pothole,2,D40
India_006897.jpg,Normal,0,
India_006898.jpg,Normal,0,
India_006899.jpg,Pothole,2,D40
India_006900.jpg,Normal,0,
India_006901.jpg,Crack,1,"D44, D00"
India_006902.jpg,Normal,0,
India_006903.jpg,Normal,0,D44
India_006904.jpg,Normal,0,
India_006905.jpg,Normal,0,
India_006906.jpg,Normal,0,
India_006908.jpg,Normal,0,
India_006909.jpg,Normal,0,
India_006910.jpg,Pothole,2,"D40, D40"
India_006911.jpg,Normal,0,
India_006912.jpg,Pothole,2,"D40, D40, D40, D40"
India_006913.jpg,Normal,0,
India_006914.jpg,Normal,0,
India_006916.jpg,Normal,0,
India_006917.jpg,Normal,0,
India_006919.jpg,Normal,0,
India_006920.jpg,Pothole,2,"D40, D40, D40"
India_006922.jpg,Normal,0,
India_006923.jpg,Normal,0,
India_006925.jpg,Crack,1,D20
India_006927.jpg,Normal,0,
India_006928.jpg,Pothole,2,D40
India_006929.jpg,Normal,0,
India_006930.jpg,Normal,0,D44
India_006931.jpg,Normal,0,
India_006932.jpg,Normal,0,
India_006933.jpg,Pothole,2,"D40, D40, D40"
India_006934.jpg,Normal,0,
India_006935.jpg,Normal,0,
India_006936.jpg,Crack,1,"D20, D44"
India_006938.jpg,Both,3,"D40, D00, D00"
India_006939.jpg,Normal,0,
India_006942.jpg,Normal,0,
India_006943.jpg,Crack,1,D20
India_006944.jpg,Normal,0,
India_006945.jpg,Pothole,2,"D40, D40"
India_006947.jpg,Normal,0,"D44, D44, D44"
India_006948.jpg,Normal,0,D44
India_006949.jpg,Normal,0,
India_006950.jpg,Normal,0,
India_006951.jpg,Normal,0,
India_006952.jpg,Crack,1,"D44, D00"
India_006953.jpg,Pothole,2,D40
India_006954.jpg,Normal,0,"D44, D44, D44"
India_006956.jpg,Normal,0,
India_006958.jpg,Normal,0,
India_006960.jpg,Crack,1,D00
India_006961.jpg,Normal,0,
India_006962.jpg,Pothole,2,D40
India_006963.jpg,Normal,0,
India_006965.jpg,Normal,0,
India_006966.jpg,Normal,0,
India_006967.jpg,Both,3,"D20, D20, D40, D40, D10"
India_006968.jpg,Crack,1,"D20, D20, D44, D44"
India_006969.jpg,Normal,0,
India_006970.jpg,Pothole,2,"D40, D40, D40"
India_006971.jpg,Normal,0,
India_006972.jpg,Normal,0,
India_006973.jpg,Pothole,2,"D40, D40, D40, D40, D40"
India_006974.jpg,Pothole,2,"D40, D40, D40"
India_006976.jpg,Crack,1,D20
India_006977.jpg,Both,3,"D40, D40, D40, D40, D00, D40, D00, D20, D20"
India_006978.jpg,Normal,0,
India_006979.jpg,Normal,0,D44
India_006982.jpg,Crack,1,"D43, D00"
India_006983.jpg,Crack,1,D20
India_006984.jpg,Normal,0,
India_006985.jpg,Normal,0,
India_006986.jpg,Normal,0,
India_006987.jpg,Normal,0,
India_006988.jpg,Crack,1,D20
India_006989.jpg,Normal,0,
India_006991.jpg,Normal,0,
India_006992.jpg,Normal,0,
India_006993.jpg,Normal,0,
India_006994.jpg,Normal,0,
India_006995.jpg,Both,3,"D20, D40, D40, D40"
India_006996.jpg,Normal,0,
India_006997.jpg,Normal,0,
India_006998.jpg,Pothole,2,D40
India_006999.jpg,Pothole,2,"D40, D40, D40"
India_007000.jpg,Both,3,"D00, D00, D40, D00, D00"
India_007001.jpg,Both,3,"D40, D00"
India_007002.jpg,Both,3,"D40, D40, D40, D40, D20"
India_007004.jpg,Normal,0,
India_007006.jpg,Normal,0,D44
India_007007.jpg,Both,3,"D40, D01"
India_007008.jpg,Crack,1,D00
India_007009.jpg,Crack,1,D20
India_007011.jpg,Normal,0,
India_007012.jpg,Normal,0,
India_007013.jpg,Normal,0,
India_007015.jpg,Normal,0,D44
India_007016.jpg,Crack,1,D20
India_007017.jpg,Normal,0,D43
India_007018.jpg,Normal,0,
India_007019.jpg,Crack,1,D01
India_007020.jpg,Normal,0,
India_007022.jpg,Normal,0,
India_007023.jpg,Normal,0,
India_007024.jpg,Crack,1,"D20, D44"
India_007025.jpg,Normal,0,
India_007026.jpg,Normal,0,
India_007027.jpg,Normal,0,D44
India_007029.jpg,Normal,0,
India_007030.jpg,Normal,0,
India_007031.jpg,Normal,0,
India_007032.jpg,Normal,0,D44
India_007033.jpg,Crack,1,"D00, D00, D20, D44"
India_007034.jpg,Both,3,"D00, D20, D00, D40"
India_007035.jpg,Normal,0,
India_007037.jpg,Crack,1,D20
India_007039.jpg,Normal,0,
India_007041.jpg,Normal,0,
India_007042.jpg,Pothole,2,"D40, D40, D40"
India_007043.jpg,Crack,1,D20
India_007044.jpg,Normal,0,
India_007045.jpg,Normal,0,
India_007046.jpg,Normal,0,
India_007047.jpg,Normal,0,
India_007048.jpg,Crack,1,"D44, D44, D20"
India_007049.jpg,Normal,0,
India_007050.jpg,Normal,0,
India_007051.jpg,Pothole,2,D40
India_007052.jpg,Crack,1,"D00, D20"
India_007053.jpg,Both,3,"D40, D00, D40, D40, D20"
India_007054.jpg,Normal,0,
India_007055.jpg,Crack,1,"D00, D20, D00"
India_007056.jpg,Normal,0,
India_007058.jpg,Crack,1,"D20, D00"
India_007059.jpg,Crack,1,D20
India_007060.jpg,Normal,0,
India_007061.jpg,Normal,0,
India_007062.jpg,Crack,1,D20
India_007063.jpg,Normal,0,
India_007064.jpg,Normal,0,
India_007065.jpg,Normal,0,
India_007066.jpg,Pothole,2,"D40, D40, D40, D40, D40"
India_007067.jpg,Crack,1,D00
India_007069.jpg,Crack,1,D20
India_007070.jpg,Normal,0,
India_007071.jpg,Both,3,"D20, D40, D40, D40, D40, D40, D40"
India_007072.jpg,Crack,1,D00
India_007073.jpg,Normal,0,D44
India_007074.jpg,Both,3,"D40, D20"
India_007075.jpg,Normal,0,
India_007076.jpg,Normal,0,
India_007080.jpg,Normal,0,
India_007081.jpg,Normal,0,
India_007082.jpg,Normal,0,
India_007083.jpg,Normal,0,D44
India_007084.jpg,Normal,0,D44
India_007085.jpg,Normal,0,
India_007086.jpg,Normal,0,
India_007087.jpg,Normal,0,
India_007088.jpg,Crack,1,D20
India_007089.jpg,Normal,0,
India_007090.jpg,Normal,0,
India_007091.jpg,Normal,0,D44
India_007094.jpg,Crack,1,"D00, D00"
India_007096.jpg,Normal,0,
India_007099.jpg,Crack,1,D20
India_007100.jpg,Normal,0,
India_007101.jpg,Pothole,2,"D40, D40"
India_007102.jpg,Normal,0,
India_007104.jpg,Normal,0,
India_007105.jpg,Pothole,2,D40
India_007106.jpg,Crack,1,"D44, D44, D01, D01"
India_007107.jpg,Normal,0,D50
India_007108.jpg,Normal,0,D44
India_007109.jpg,Crack,1,"D20, D20"
India_007110.jpg,Normal,0,
India_007111.jpg,Normal,0,
India_007112.jpg,Normal,0,
India_007113.jpg,Pothole,2,D40
India_007114.jpg,Normal,0,
India_007115.jpg,Normal,0,D44
India_007116.jpg,Crack,1,"D00, D10"
India_007117.jpg,Crack,1,D20
India_007118.jpg,Normal,0,
India_007120.jpg,Normal,0,D44
India_007121.jpg,Normal,0,
India_007122.jpg,Crack,1,D20
India_007123.jpg,Pothole,2,"D40, D40"
India_007124.jpg,Normal,0,
India_007125.jpg,Crack,1,"D20, D44"
India_007126.jpg,Normal,0,
India_007127.jpg,Normal,0,
India_007129.jpg,Normal,0,
India_007130.jpg,Crack,1,D00
India_007132.jpg,Crack,1,"D10, D10"
India_007133.jpg,Crack,1,D20
India_007134.jpg,Crack,1,"D44, D20, D00"
India_007135.jpg,Normal,0,
India_007136.jpg,Crack,1,"D20, D00, D00"
India_007137.jpg,Crack,1,D20
India_007138.jpg,Crack,1,D20
India_007141.jpg,Crack,1,"D20, D00"
India_007142.jpg,Normal,0,
India_007144.jpg,Normal,0,
India_007146.jpg,Crack,1,D00
India_007147.jpg,Both,3,"D20, D40, D40, D40, D40, D40, D40, D40"
India_007148.jpg,Crack,1,"D20, D44"
India_007149.jpg,Normal,0,
India_007151.jpg,Normal,0,
India_007152.jpg,Crack,1,D20
India_007153.jpg,Both,3,"D00, D10, D40"
India_007154.jpg,Normal,0,
India_007155.jpg,Pothole,2,D40
India_007157.jpg,Normal,0,
India_007158.jpg,Normal,0,
India_007159.jpg,Both,3,"D40, D20, D20"
India_007160.jpg,Normal,0,
India_007161.jpg,Normal,0,
India_007163.jpg,Crack,1,"D44, D20"
India_007164.jpg,Normal,0,
India_007165.jpg,Normal,0,
India_007168.jpg,Pothole,2,"D40, D40"
India_007169.jpg,Normal,0,
India_007171.jpg,Crack,1,"D20, D44, D20"
India_007172.jpg,Both,3,"D40, D20"
India_007173.jpg,Normal,0,
India_007174.jpg,Normal,0,
India_007175.jpg,Both,3,"D40, D20"
India_007178.jpg,Crack,1,"D20, D44"
India_007179.jpg,Crack,1,"D44, D20"
India_007180.jpg,Normal,0,
India_007181.jpg,Normal,0,
India_007182.jpg,Normal,0,
India_007183.jpg,Crack,1,D20
India_007184.jpg,Normal,0,
India_007185.jpg,Pothole,2,D40
India_007187.jpg,Normal,0,
India_007188.jpg,Crack,1,D00
India_007189.jpg,Both,3,"D10, D00, D00, D40, D40, D20"
India_007190.jpg,Normal,0,
India_007191.jpg,Normal,0,
India_007194.jpg,Crack,1,D20
India_007195.jpg,Normal,0,D44
India_007196.jpg,Crack,1,"D44, D20"
India_007197.jpg,Normal,0,D44
India_007198.jpg,Pothole,2,D40
India_007199.jpg,Normal,0,
India_007200.jpg,Crack,1,"D50, D20"
India_007201.jpg,Normal,0,
India_007202.jpg,Normal,0,
India_007203.jpg,Normal,0,
India_007204.jpg,Both,3,"D40, D40, D20, D40"
India_007205.jpg,Pothole,2,D40
India_007206.jpg,Normal,0,
India_007207.jpg,Normal,0,
India_007208.jpg,Crack,1,"D00, D00, D20"
India_007210.jpg,Normal,0,
India_007211.jpg,Pothole,2,"D40, D40"
India_007212.jpg,Normal,0,
India_007213.jpg,Crack,1,"D20, D00"
India_007214.jpg,Crack,1,"D00, D20, D20"
India_007215.jpg,Normal,0,
India_007216.jpg,Normal,0,
India_007217.jpg,Crack,1,"D00, D00"
India_007218.jpg,Normal,0,D44
India_007219.jpg,Crack,1,D01
India_007220.jpg,Normal,0,
India_007221.jpg,Normal,0,
India_007222.jpg,Normal,0,
India_007224.jpg,Crack,1,"D20, D44"
India_007225.jpg,Normal,0,
India_007226.jpg,Pothole,2,D40
India_007227.jpg,Crack,1,D20
India_007229.jpg,Normal,0,D44
India_007230.jpg,Normal,0,
India_007231.jpg,Crack,1,D20
India_007232.jpg,Normal,0,
India_007233.jpg,Normal,0,D44
India_007234.jpg,Crack,1,"D00, D00"
India_007236.jpg,Crack,1,D20
India_007239.jpg,Crack,1,D20
India_007240.jpg,Pothole,2,D40
India_007241.jpg,Normal,0,
India_007242.jpg,Normal,0,
India_007243.jpg,Normal,0,
India_007245.jpg,Normal,0,
India_007246.jpg,Pothole,2,D40
India_007247.jpg,Crack,1,"D44, D20, D20"
India_007249.jpg,Normal,0,
India_007251.jpg,Normal,0,
India_007252.jpg,Normal,0,
India_007253.jpg,Normal,0,
India_007254.jpg,Normal,0,
India_007256.jpg,Crack,1,D20
India_007258.jpg,Normal,0,
India_007259.jpg,Pothole,2,"D40, D40, D40, D40"
India_007260.jpg,Normal,0,
India_007261.jpg,Normal,0,
India_007262.jpg,Normal,0,
India_007263.jpg,Normal,0,
India_007266.jpg,Normal,0,
India_007267.jpg,Crack,1,"D44, D20, D43"
India_007268.jpg,Normal,0,
India_007269.jpg,Normal,0,
India_007270.jpg,Normal,0,
India_007271.jpg,Both,3,"D20, D20, D40, D00"
India_007272.jpg,Normal,0,
India_007274.jpg,Normal,0,
India_007275.jpg,Crack,1,D20
India_007276.jpg,Crack,1,D20
India_007277.jpg,Pothole,2,D40
India_007278.jpg,Crack,1,D20
India_007279.jpg,Crack,1,"D20, D00, D44"
India_007281.jpg,Both,3,"D00, D40"
India_007282.jpg,Normal,0,
India_007283.jpg,Normal,0,
India_007284.jpg,Normal,0,
India_007285.jpg,Crack,1,"D00, D44, D20"
India_007286.jpg,Normal,0,
India_007287.jpg,Crack,1,"D44, D00, D00, D00"
India_007288.jpg,Normal,0,
India_007289.jpg,Normal,0,
India_007291.jpg,Pothole,2,"D40, D44"
India_007292.jpg,Normal,0,
India_007293.jpg,Both,3,"D40, D20"
India_007295.jpg,Normal,0,
India_007298.jpg,Normal,0,
India_007299.jpg,Both,3,"D20, D40, D40, D40"
India_007301.jpg,Normal,0,
India_007304.jpg,Normal,0,
India_007307.jpg,Normal,0,
India_007308.jpg,Both,3,"D20, D40, D40, D40, D40, D00, D00"
India_007309.jpg,Pothole,2,"D40, D40, D40, D44"
India_007310.jpg,Both,3,"D40, D00"
India_007311.jpg,Normal,0,
India_007312.jpg,Normal,0,
India_007313.jpg,Crack,1,D01
India_007314.jpg,Normal,0,
India_007315.jpg,Normal,0,
India_007316.jpg,Normal,0,D44
India_007318.jpg,Crack,1,"D20, D44, D44"
India_007319.jpg,Crack,1,D20
India_007321.jpg,Pothole,2,"D44, D44, D40"
India_007322.jpg,Pothole,2,D40
India_007323.jpg,Crack,1,D20
India_007324.jpg,Normal,0,
India_007325.jpg,Normal,0,
India_007327.jpg,Pothole,2,"D40, D44"
India_007328.jpg,Crack,1,D20
India_007329.jpg,Both,3,"D00, D00, D40, D40, D10"
India_007330.jpg,Normal,0,
India_007331.jpg,Normal,0,
India_007332.jpg,Normal,0,
India_007333.jpg,Crack,1,D20
India_007334.jpg,Normal,0,
India_007338.jpg,Normal,0,
India_007341.jpg,Normal,0,
India_007342.jpg,Both,3,"D20, D00, D00, D40"
India_007343.jpg,Both,3,"D40, D40, D40, D40, D40, D20, D20"
India_007345.jpg,Crack,1,D20
India_007349.jpg,Crack,1,"D01, D01, D01"
India_007350.jpg,Normal,0,
India_007351.jpg,Normal,0,
India_007353.jpg,Normal,0,
India_007354.jpg,Crack,1,D20
India_007355.jpg,Normal,0,
India_007356.jpg,Normal,0,
India_007357.jpg,Pothole,2,"D44, D40"
India_007359.jpg,Crack,1,D20
India_007360.jpg,Normal,0,
India_007362.jpg,Both,3,"D40, D40, D40, D40, D40, D20, D20"
India_007363.jpg,Pothole,2,"D44, D44, D40, D40"
India_007364.jpg,Normal,0,
India_007365.jpg,Normal,0,
India_007367.jpg,Normal,0,D44
India_007368.jpg,Both,3,"D20, D40"
India_007369.jpg,Normal,0,
India_007370.jpg,Normal,0,
India_007371.jpg,Pothole,2,D40
India_007372.jpg,Crack,1,"D20, D20"
India_007373.jpg,Normal,0,
India_007375.jpg,Normal,0,
India_007376.jpg,Crack,1,"D20, D20, D43"
India_007377.jpg,Crack,1,"D20, D43"
India_007378.jpg,Normal,0,
India_007383.jpg,Pothole,2,"D44, D40"
India_007384.jpg,Normal,0,
India_007385.jpg,Crack,1,"D20, D43"
India_007386.jpg,Normal,0,
India_007387.jpg,Crack,1,D20
India_007390.jpg,Both,3,"D20, D40"
India_007392.jpg,Normal,0,
India_007395.jpg,Normal,0,
India_007396.jpg,Normal,0,
India_007397.jpg,Crack,1,D00
India_007398.jpg,Crack,1,"D20, D00, D00, D00, D44"
India_007399.jpg,Pothole,2,"D44, D40"
India_007401.jpg,Normal,0,D44
India_007402.jpg,Crack,1,"D43, D44, D20, D20"
India_007403.jpg,Normal,0,
India_007404.jpg,Pothole,2,"D40, D44, D44"
India_007405.jpg,Normal,0,
India_007406.jpg,Normal,0,
India_007407.jpg,Normal,0,
India_007408.jpg,Normal,0,
India_007409.jpg,Pothole,2,"D44, D40"
India_007410.jpg,Normal,0,
India_007411.jpg,Normal,0,
India_007412.jpg,Crack,1,"D00, D20"
India_007413.jpg,Normal,0,
India_007414.jpg,Normal,0,
India_007416.jpg,Normal,0,
India_007417.jpg,Crack,1,"D44, D20"
India_007418.jpg,Both,3,"D00, D00, D40"
India_007419.jpg,Normal,0,D44
India_007420.jpg,Both,3,"D20, D40, D40, D40"
India_007421.jpg,Normal,0,
India_007422.jpg,Pothole,2,"D40, D40, D40"
India_007423.jpg,Normal,0,
India_007424.jpg,Normal,0,"D44, D44"
India_007425.jpg,Normal,0,
India_007426.jpg,Normal,0,D44
India_007427.jpg,Normal,0,
India_007429.jpg,Normal,0,"D44, D44"
India_007430.jpg,Normal,0,
India_007431.jpg,Crack,1,D20
India_007432.jpg,Pothole,2,D40
India_007433.jpg,Normal,0,
India_007434.jpg,Normal,0,
India_007436.jpg,Normal,0,
India_007438.jpg,Crack,1,D00
India_007439.jpg,Crack,1,D20
India_007440.jpg,Normal,0,
India_007441.jpg,Normal,0,
India_007442.jpg,Normal,0,
India_007449.jpg,Crack,1,D01
India_007450.jpg,Pothole,2,D40
India_007451.jpg,Normal,0,D44
India_007452.jpg,Normal,0,
India_007453.jpg,Normal,0,
India_007454.jpg,Normal,0,
India_007455.jpg,Normal,0,
India_007456.jpg,Crack,1,"D20, D20"
India_007457.jpg,Crack,1,"D00, D00"
India_007458.jpg,Crack,1,"D20, D00"
India_007459.jpg,Normal,0,
India_007460.jpg,Crack,1,"D20, D00"
India_007462.jpg,Crack,1,D01
India_007463.jpg,Crack,1,"D20, D44"
India_007464.jpg,Pothole,2,D40
India_007465.jpg,Both,3,"D00, D40, D40"
India_007466.jpg,Normal,0,
India_007468.jpg,Normal,0,
India_007469.jpg,Normal,0,
India_007470.jpg,Crack,1,"D20, D00"
India_007472.jpg,Normal,0,D44
India_007474.jpg,Both,3,"D00, D40, D00, D40, D40"
India_007476.jpg,Crack,1,D20
India_007477.jpg,Normal,0,
India_007478.jpg,Crack,1,D20
India_007479.jpg,Normal,0,
India_007481.jpg,Normal,0,
India_007482.jpg,Normal,0,
India_007483.jpg,Normal,0,
India_007484.jpg,Pothole,2,D40
India_007486.jpg,Normal,0,
India_007487.jpg,Crack,1,D20
India_007488.jpg,Normal,0,
India_007489.jpg,Normal,0,
India_007491.jpg,Pothole,2,"D40, D40"
India_007492.jpg,Crack,1,"D20, D20"
India_007494.jpg,Crack,1,D00
India_007496.jpg,Normal,0,
India_007497.jpg,Crack,1,"D20, D44"
India_007498.jpg,Crack,1,D00
India_007499.jpg,Normal,0,
India_007500.jpg,Normal,0,D44
India_007501.jpg,Normal,0,
India_007502.jpg,Crack,1,"D20, D00"
India_007504.jpg,Normal,0,
India_007505.jpg,Crack,1,D00
India_007506.jpg,Normal,0,
India_007507.jpg,Crack,1,D20
India_007508.jpg,Crack,1,"D20, D44"
India_007509.jpg,Crack,1,D00
India_007511.jpg,Crack,1,"D00, D00"
India_007512.jpg,Normal,0,
India_007513.jpg,Crack,1,"D20, D00"
India_007514.jpg,Crack,1,"D01, D01, D11, D44"
India_007516.jpg,Crack,1,"D00, D00, D20"
India_007517.jpg,Normal,0,
India_007518.jpg,Pothole,2,"D40, D40"
India_007520.jpg,Normal,0,D44
India_007525.jpg,Normal,0,
India_007526.jpg,Normal,0,
India_007527.jpg,Crack,1,D00
India_007529.jpg,Both,3,"D00, D00, D40"
India_007530.jpg,Pothole,2,D40
India_007532.jpg,Normal,0,
India_007533.jpg,Crack,1,"D00, D00"
India_007534.jpg,Normal,0,
India_007535.jpg,Normal,0,
India_007536.jpg,Normal,0,
India_007537.jpg,Both,3,"D00, D40"
India_007538.jpg,Crack,1,"D20, D20"
India_007539.jpg,Crack,1,"D00, D20"
India_007540.jpg,Normal,0,
India_007542.jpg,Normal,0,
India_007543.jpg,Normal,0,"D44, D44"
India_007545.jpg,Normal,0,
India_007546.jpg,Normal,0,D44
India_007547.jpg,Normal,0,
India_007548.jpg,Crack,1,D00
India_007549.jpg,Normal,0,
India_007550.jpg,Normal,0,
India_007551.jpg,Normal,0,
India_007553.jpg,Normal,0,D44
India_007554.jpg,Normal,0,
India_007555.jpg,Both,3,"D20, D40, D40, D40"
India_007557.jpg,Normal,0,
India_007558.jpg,Crack,1,"D00, D00"
India_007559.jpg,Normal,0,"D44, D44"
India_007561.jpg,Crack,1,D20
India_007563.jpg,Crack,1,D00
India_007565.jpg,Crack,1,"D20, D00"
India_007567.jpg,Normal,0,
India_007570.jpg,Normal,0,
India_007571.jpg,Normal,0,
India_007572.jpg,Pothole,2,"D40, D40"
India_007573.jpg,Normal,0,
India_007574.jpg,Normal,0,
India_007575.jpg,Normal,0,
India_007576.jpg,Crack,1,"D44, D00"
India_007578.jpg,Pothole,2,"D40, D40, D40, D40, D40, D40, D40"
India_007579.jpg,Both,3,"D20, D40, D40, D40"
India_007581.jpg,Both,3,"D20, D40"
India_007582.jpg,Normal,0,
India_007583.jpg,Crack,1,"D01, D11"
India_007584.jpg,Pothole,2,"D44, D44, D44, D40"
India_007585.jpg,Normal,0,
India_007586.jpg,Normal,0,
India_007587.jpg,Both,3,"D40, D40, D00"
India_007589.jpg,Normal,0,
India_007590.jpg,Crack,1,"D10, D00, D00, D00"
India_007592.jpg,Both,3,"D40, D20"
India_007594.jpg,Normal,0,
India_007595.jpg,Crack,1,"D20, D00"
India_007596.jpg,Normal,0,
India_007597.jpg,Crack,1,"D20, D20, D00, D44"
India_007598.jpg,Normal,0,D44
India_007599.jpg,Normal,0,
India_007601.jpg,Normal,0,
India_007602.jpg,Crack,1,"D00, D00"
India_007604.jpg,Pothole,2,"D40, D40, D40"
India_007606.jpg,Normal,0,D44
India_007607.jpg,Normal,0,
India_007608.jpg,Normal,0,
India_007609.jpg,Normal,0,D44
India_007610.jpg,Normal,0,
India_007611.jpg,Pothole,2,"D40, D40"
India_007612.jpg,Normal,0,
India_007613.jpg,Normal,0,
India_007614.jpg,Crack,1,D00
India_007615.jpg,Crack,1,"D00, D20"
India_007616.jpg,Pothole,2,"D40, D40, D44"
India_007617.jpg,Normal,0,
India_007618.jpg,Crack,1,"D20, D00, D00"
India_007619.jpg,Normal,0,
India_007620.jpg,Normal,0,
India_007621.jpg,Crack,1,"D20, D00, D44"
India_007623.jpg,Normal,0,
India_007624.jpg,Normal,0,"D44, D44"
India_007625.jpg,Crack,1,"D00, D00"
India_007626.jpg,Crack,1,D20
India_007627.jpg,Both,3,"D20, D20, D40"
India_007628.jpg,Both,3,"D20, D20, D00, D44, D40"
India_007629.jpg,Both,3,"D40, D01"
India_007630.jpg,Pothole,2,"D40, D40, D40, D40"
India_007632.jpg,Normal,0,
India_007633.jpg,Pothole,2,"D40, D40, D40"
India_007634.jpg,Normal,0,D44
India_007635.jpg,Crack,1,D00
India_007637.jpg,Both,3,"D40, D10, D40, D40, D40, D40, D40"
India_007639.jpg,Normal,0,
India_007640.jpg,Normal,0,
India_007641.jpg,Pothole,2,D40
India_007642.jpg,Both,3,"D20, D40"
India_007643.jpg,Normal,0,
India_007644.jpg,Pothole,2,"D40, D40, D40, D40, D40, D40"
India_007646.jpg,Crack,1,"D20, D44"
India_007647.jpg,Pothole,2,"D40, D40"
India_007648.jpg,Normal,0,
India_007650.jpg,Pothole,2,"D40, D44, D40, D40"
India_007651.jpg,Both,3,"D00, D40, D40"
India_007652.jpg,Normal,0,D44
India_007654.jpg,Normal,0,
India_007655.jpg,Crack,1,"D44, D20"
India_007656.jpg,Normal,0,
India_007657.jpg,Normal,0,
India_007658.jpg,Pothole,2,"D44, D40"
India_007661.jpg,Normal,0,
India_007662.jpg,Normal,0,
India_007663.jpg,Normal,0,
India_007664.jpg,Normal,0,
India_007665.jpg,Normal,0,
India_007666.jpg,Normal,0,
India_007667.jpg,Crack,1,D20
India_007668.jpg,Crack,1,"D01, D01, D11"
India_007670.jpg,Crack,1,D20
India_007671.jpg,Normal,0,D44
India_007672.jpg,Pothole,2,D40
India_007673.jpg,Normal,0,
India_007675.jpg,Normal,0,
India_007676.jpg,Crack,1,"D20, D44"
India_007677.jpg,Normal,0,
India_007679.jpg,Normal,0,
India_007680.jpg,Normal,0,
India_007681.jpg,Normal,0,D44
India_007682.jpg,Crack,1,D20
India_007683.jpg,Normal,0,
India_007685.jpg,Normal,0,
India_007686.jpg,Normal,0,
India_007687.jpg,Normal,0,
India_007688.jpg,Crack,1,D00
India_007689.jpg,Crack,1,D20
India_007691.jpg,Crack,1,D20
India_007692.jpg,Normal,0,
India_007693.jpg,Normal,0,
India_007696.jpg,Normal,0,D44
India_007697.jpg,Pothole,2,"D40, D40"
India_007698.jpg,Normal,0,
India_007699.jpg,Both,3,"D20, D40, D40, D40"
India_007701.jpg,Crack,1,"D01, D01, D01"
India_007702.jpg,Crack,1,D20
India_007703.jpg,Normal,0,
India_007704.jpg,Crack,1,D20
India_007706.jpg,Both,3,"D00, D00, D40, D40, D20, D20"
India_007707.jpg,Both,3,"D40, D00, D20, D44"
India_007708.jpg,Crack,1,D20
India_007709.jpg,Normal,0,D44
India_007710.jpg,Crack,1,"D01, D01, D01, D01, D01, D01, D11"
India_007712.jpg,Pothole,2,D40
India_007713.jpg,Both,3,"D40, D40, D40, D00, D00"
India_007714.jpg,Normal,0,
India_007716.jpg,Both,3,"D20, D00, D40"
India_007717.jpg,Crack,1,D01
India_007718.jpg,Crack,1,D20
India_007719.jpg,Normal,0,
India_007720.jpg,Both,3,"D20, D40, D40, D00"
India_007722.jpg,Pothole,2,D40
India_007723.jpg,Pothole,2,"D40, D40, D40"
India_007724.jpg,Normal,0,
India_007725.jpg,Normal,0,
India_007727.jpg,Normal,0,
India_007728.jpg,Normal,0,
India_007729.jpg,Normal,0,
India_007730.jpg,Normal,0,
India_007732.jpg,Crack,1,D00
India_007733.jpg,Normal,0,"D44, D44"
India_007734.jpg,Pothole,2,"D44, D40, D40, D40"
India_007735.jpg,Both,3,"D20, D00, D20, D40"
India_007736.jpg,Crack,1,D00
India_007737.jpg,Pothole,2,D40
India_007739.jpg,Normal,0,
India_007740.jpg,Both,3,"D20, D40"
India_007741.jpg,Crack,1,D20
India_007742.jpg,Normal,0,
India_007744.jpg,Normal,0,
India_007745.jpg,Both,3,"D00, D20, D00, D40"
India_007748.jpg,Normal,0,
India_007749.jpg,Both,3,"D40, D40, D40, D40, D40, D40, D20"
India_007750.jpg,Normal,0,
India_007752.jpg,Normal,0,
India_007753.jpg,Normal,0,
India_007754.jpg,Normal,0,
India_007755.jpg,Crack,1,D00
India_007756.jpg,Normal,0,
India_007757.jpg,Normal,0,
India_007758.jpg,Crack,1,D00
India_007759.jpg,Normal,0,
India_007761.jpg,Crack,1,D20
India_007762.jpg,Normal,0,
India_007763.jpg,Normal,0,
India_007764.jpg,Normal,0,
India_007765.jpg,Normal,0,
India_007766.jpg,Both,3,"D20, D20, D40, D40, D40, D40, D40, D40"
India_007767.jpg,Crack,1,D20
India_007768.jpg,Normal,0,D44
India_007769.jpg,Crack,1,"D20, D43"
India_007770.jpg,Normal,0,
India_007771.jpg,Normal,0,
India_007772.jpg,Crack,1,D20
India_007776.jpg,Normal,0,"D44, D44"
India_007777.jpg,Normal,0,
India_007778.jpg,Normal,0,
India_007779.jpg,Crack,1,"D20, D44"
India_007780.jpg,Normal,0,
India_007781.jpg,Pothole,2,"D40, D40, D40, D40, D40"
India_007782.jpg,Both,3,"D40, D00"
India_007784.jpg,Normal,0,
India_007785.jpg,Both,3,"D00, D40, D40, D40, D20"
India_007787.jpg,Normal,0,
India_007789.jpg,Both,3,"D00, D20, D40"
India_007790.jpg,Normal,0,
India_007791.jpg,Pothole,2,"D40, D40, D40"
India_007792.jpg,Normal,0,
India_007794.jpg,Normal,0,
India_007795.jpg,Normal,0,
India_007796.jpg,Crack,1,D00
India_007799.jpg,Normal,0,
India_007800.jpg,Normal,0,
India_007801.jpg,Both,3,"D40, D40, D40, D40, D40, D20"
India_007802.jpg,Normal,0,
India_007804.jpg,Normal,0,
India_007805.jpg,Normal,0,
India_007806.jpg,Both,3,"D40, D40, D40, D20"
India_007807.jpg,Crack,1,D20
India_007809.jpg,Crack,1,"D44, D20"
India_007810.jpg,Pothole,2,"D40, D40, D40, D40"
India_007811.jpg,Crack,1,D20
India_007812.jpg,Normal,0,
India_007813.jpg,Normal,0,
India_007816.jpg,Crack,1,"D20, D44"
India_007817.jpg,Crack,1,"D00, D20"
India_007818.jpg,Normal,0,
India_007819.jpg,Crack,1,D01
India_007820.jpg,Normal,0,
India_007821.jpg,Normal,0,
India_007822.jpg,Normal,0,D44
India_007823.jpg,Normal,0,
India_007824.jpg,Crack,1,"D20, D20, D20, D00, D00"
India_007825.jpg,Normal,0,
India_007827.jpg,Normal,0,
India_007829.jpg,Normal,0,
India_007830.jpg,Normal,0,"D44, D44"
India_007831.jpg,Crack,1,D00
India_007833.jpg,Normal,0,
India_007834.jpg,Crack,1,D20
India_007836.jpg,Crack,1,"D00, D00, D00"
India_007838.jpg,Normal,0,
India_007841.jpg,Normal,0,
India_007842.jpg,Normal,0,
India_007843.jpg,Normal,0,
India_007844.jpg,Crack,1,"D20, D44"
India_007845.jpg,Normal,0,
India_007846.jpg,Crack,1,D00
India_007848.jpg,Normal,0,
India_007849.jpg,Crack,1,"D20, D20"
India_007850.jpg,Normal,0,
India_007851.jpg,Normal,0,D44
India_007852.jpg,Pothole,2,"D40, D40, D40, D40"
India_007853.jpg,Normal,0,
India_007854.jpg,Normal,0,
India_007855.jpg,Normal,0,
India_007856.jpg,Normal,0,
India_007857.jpg,Normal,0,
India_007858.jpg,Normal,0,
India_007859.jpg,Crack,1,"D00, D20"
India_007860.jpg,Normal,0,
India_007861.jpg,Both,3,"D00, D00, D40, D40"
India_007862.jpg,Crack,1,D00
India_007863.jpg,Both,3,"D20, D40, D40"
India_007864.jpg,Normal,0,
India_007865.jpg,Normal,0,
India_007866.jpg,Normal,0,
India_007867.jpg,Normal,0,D44
India_007870.jpg,Normal,0,
India_007871.jpg,Normal,0,
India_007872.jpg,Normal,0,
India_007873.jpg,Normal,0,
India_007876.jpg,Normal,0,
India_007878.jpg,Normal,0,
India_007879.jpg,Normal,0,
India_007880.jpg,Pothole,2,"D40, D40, D40"
India_007882.jpg,Normal,0,
India_007883.jpg,Both,3,"D01, D01, D40"
India_007884.jpg,Crack,1,"D00, D20"
India_007886.jpg,Crack,1,"D00, D20"
India_007887.jpg,Normal,0,
India_007888.jpg,Crack,1,"D20, D44"
India_007890.jpg,Pothole,2,D40
India_007891.jpg,Normal,0,
India_007892.jpg,Normal,0,
India_007893.jpg,Both,3,"D00, D40"
India_007895.jpg,Normal,0,
India_007896.jpg,Normal,0,
India_007898.jpg,Normal,0,
India_007899.jpg,Normal,0,
India_007900.jpg,Pothole,2,"D40, D40"
India_007901.jpg,Normal,0,
India_007902.jpg,Normal,0,
India_007903.jpg,Normal,0,
India_007904.jpg,Normal,0,"D44, D44"
India_007905.jpg,Normal,0,
India_007906.jpg,Crack,1,"D44, D44, D20"
India_007907.jpg,Crack,1,"D11, D01, D01"
India_007908.jpg,Normal,0,
India_007909.jpg,Pothole,2,"D40, D50"
India_007911.jpg,Crack,1,"D20, D20"
India_007912.jpg,Both,3,"D20, D40"
India_007915.jpg,Both,3,"D40, D40, D40, D20, D00"
India_007916.jpg,Normal,0,
India_007917.jpg,Pothole,2,"D44, D40, D40, D40"
India_007918.jpg,Normal,0,
India_007919.jpg,Normal,0,
India_007920.jpg,Crack,1,D20
India_007921.jpg,Normal,0,"D44, D44, D44"
India_007922.jpg,Crack,1,"D00, D00"
India_007923.jpg,Normal,0,D44
India_007924.jpg,Normal,0,D44
India_007925.jpg,Normal,0,
India_007928.jpg,Normal,0,
India_007929.jpg,Normal,0,
India_007930.jpg,Normal,0,
India_007931.jpg,Normal,0,
India_007932.jpg,Normal,0,D44
India_007933.jpg,Normal,0,
India_007934.jpg,Crack,1,D00
India_007935.jpg,Crack,1,D20
India_007936.jpg,Normal,0,
India_007937.jpg,Normal,0,D44
India_007938.jpg,Normal,0,
India_007940.jpg,Normal,0,
India_007942.jpg,Normal,0,
India_007943.jpg,Pothole,2,D40
India_007944.jpg,Normal,0,
India_007945.jpg,Normal,0,
India_007946.jpg,Both,3,"D40, D20"
India_007947.jpg,Normal,0,
India_007949.jpg,Normal,0,
India_007950.jpg,Normal,0,
India_007951.jpg,Normal,0,
India_007952.jpg,Normal,0,
India_007953.jpg,Normal,0,
India_007954.jpg,Both,3,"D40, D00"
India_007955.jpg,Both,3,"D20, D40"
India_007956.jpg,Normal,0,D44
India_007959.jpg,Normal,0,
India_007961.jpg,Normal,0,
India_007962.jpg,Pothole,2,D40
India_007964.jpg,Crack,1,D20
India_007965.jpg,Crack,1,D00
India_007966.jpg,Crack,1,D20
India_007968.jpg,Normal,0,
India_007970.jpg,Normal,0,
India_007972.jpg,Pothole,2,"D40, D40, D40, D40"
India_007973.jpg,Normal,0,
India_007974.jpg,Both,3,"D40, D00, D00, D40, D40, D20"
India_007975.jpg,Normal,0,
India_007976.jpg,Normal,0,
India_007977.jpg,Normal,0,
India_007978.jpg,Normal,0,
India_007979.jpg,Crack,1,"D00, D00"
India_007981.jpg,Both,3,"D40, D00"
India_007982.jpg,Normal,0,
India_007983.jpg,Both,3,"D20, D40, D40"
India_007984.jpg,Normal,0,
India_007985.jpg,Crack,1,D20
India_007986.jpg,Normal,0,
India_007987.jpg,Normal,0,
India_007989.jpg,Pothole,2,D40
India_007991.jpg,Both,3,"D40, D40, D20"
India_007992.jpg,Normal,0,
India_007993.jpg,Normal,0,
India_007996.jpg,Normal,0,
India_007997.jpg,Crack,1,D20
India_007998.jpg,Both,3,"D40, D40, D40, D40, D20, D20, D00"
India_007999.jpg,Crack,1,D20
India_008000.jpg,Normal,0,
India_008001.jpg,Normal,0,
India_008002.jpg,Normal,0,
India_008003.jpg,Crack,1,D20
India_008004.jpg,Pothole,2,"D40, D40, D40"
India_008007.jpg,Both,3,"D44, D20, D40"
India_008009.jpg,Crack,1,"D00, D20"
India_008010.jpg,Normal,0,
India_008011.jpg,Normal,0,
India_008012.jpg,Both,3,"D43, D40, D40, D20"
India_008013.jpg,Pothole,2,D40
India_008014.jpg,Crack,1,"D20, D00, D00, D00"
India_008015.jpg,Pothole,2,D40
India_008016.jpg,Both,3,"D20, D40"
India_008017.jpg,Both,3,"D00, D00, D20, D10, D40"
India_008018.jpg,Crack,1,D00
India_008019.jpg,Crack,1,"D44, D20"
India_008020.jpg,Normal,0,
India_008021.jpg,Normal,0,
India_008022.jpg,Both,3,"D40, D40, D40, D20, D00, D00, D40"
India_008023.jpg,Crack,1,D00
India_008024.jpg,Normal,0,
India_008025.jpg,Both,3,"D40, D00"
India_008027.jpg,Both,3,"D00, D40"
India_008028.jpg,Normal,0,
India_008029.jpg,Both,3,"D40, D40, D00, D00, D20"
India_008030.jpg,Normal,0,
India_008031.jpg,Normal,0,
India_008032.jpg,Normal,0,
India_008034.jpg,Pothole,2,"D44, D44, D40, D40"
India_008035.jpg,Both,3,"D40, D00"
India_008036.jpg,Normal,0,
India_008037.jpg,Both,3,"D40, D20, D44, D44"
India_008039.jpg,Crack,1,D20
India_008042.jpg,Normal,0,
India_008043.jpg,Crack,1,"D20, D20, D20, D20"
India_008044.jpg,Normal,0,
India_008045.jpg,Normal,0,
India_008047.jpg,Normal,0,
India_008048.jpg,Normal,0,
India_008049.jpg,Normal,0,
India_008050.jpg,Crack,1,"D20, D20, D20"
India_008051.jpg,Normal,0,
India_008052.jpg,Normal,0,
India_008053.jpg,Normal,0,
India_008054.jpg,Normal,0,
India_008056.jpg,Normal,0,D44
India_008058.jpg,Normal,0,
India_008059.jpg,Crack,1,D00
India_008061.jpg,Crack,1,D20
India_008062.jpg,Crack,1,"D00, D00"
India_008063.jpg,Normal,0,
India_008064.jpg,Pothole,2,D40
India_008065.jpg,Normal,0,
India_008067.jpg,Crack,1,"D20, D00"
India_008068.jpg,Crack,1,D20
India_008070.jpg,Both,3,"D20, D40, D00"
India_008071.jpg,Normal,0,
India_008076.jpg,Crack,1,D20
India_008077.jpg,Normal,0,
India_008078.jpg,Crack,1,D20
India_008079.jpg,Crack,1,"D20, D44"
India_008080.jpg,Normal,0,
India_008081.jpg,Normal,0,
India_008083.jpg,Normal,0,D44
India_008084.jpg,Both,3,"D00, D20, D40"
India_008085.jpg,Crack,1,D00
India_008087.jpg,Normal,0,
India_008088.jpg,Normal,0,
India_008090.jpg,Crack,1,"D20, D20"
India_008091.jpg,Normal,0,
India_008092.jpg,Normal,0,
India_008093.jpg,Normal,0,
India_008094.jpg,Pothole,2,"D40, D40, D40, D40, D40"
India_008097.jpg,Crack,1,"D44, D20"
India_008099.jpg,Both,3,"D40, D20"
India_008100.jpg,Normal,0,
India_008101.jpg,Normal,0,
India_008103.jpg,Crack,1,"D44, D20"
India_008104.jpg,Normal,0,
India_008105.jpg,Both,3,"D40, D40, D40, D40, D20"
India_008106.jpg,Normal,0,
India_008107.jpg,Crack,1,"D20, D00"
India_008108.jpg,Normal,0,
India_008109.jpg,Crack,1,D00
India_008111.jpg,Crack,1,D00
India_008112.jpg,Crack,1,"D20, D44"
India_008113.jpg,Normal,0,
India_008116.jpg,Pothole,2,"D44, D40"
India_008117.jpg,Normal,0,D44
India_008118.jpg,Normal,0,
India_008119.jpg,Pothole,2,D40
India_008121.jpg,Normal,0,
India_008123.jpg,Normal,0,
India_008124.jpg,Normal,0,
India_008125.jpg,Normal,0,
India_008126.jpg,Normal,0,
India_008127.jpg,Pothole,2,D40
India_008128.jpg,Crack,1,"D00, D00, D00, D00"
India_008129.jpg,Normal,0,
India_008130.jpg,Crack,1,D01
India_008131.jpg,Normal,0,
India_008133.jpg,Crack,1,"D01, D01, D01, D10"
India_008134.jpg,Both,3,"D20, D40, D40"
India_008136.jpg,Normal,0,
India_008137.jpg,Normal,0,D44
India_008138.jpg,Normal,0,D44
India_008139.jpg,Both,3,"D20, D40, D40, D40, D40"
India_008141.jpg,Crack,1,D00
India_008142.jpg,Both,3,"D40, D20, D44"
India_008144.jpg,Crack,1,"D00, D00"
India_008145.jpg,Normal,0,
India_008146.jpg,Normal,0,
India_008147.jpg,Normal,0,
India_008148.jpg,Normal,0,
India_008149.jpg,Normal,0,
India_008150.jpg,Normal,0,
India_008151.jpg,Normal,0,
India_008152.jpg,Normal,0,
India_008153.jpg,Crack,1,D20
India_008154.jpg,Pothole,2,"D40, D40, D40, D44, D44"
India_008156.jpg,Normal,0,
India_008157.jpg,Both,3,"D40, D40, D40, D20"
India_008158.jpg,Normal,0,
India_008159.jpg,Crack,1,D20
India_008160.jpg,Crack,1,"D20, D44"
India_008161.jpg,Normal,0,
India_008162.jpg,Crack,1,D20
India_008163.jpg,Both,3,"D40, D20"
India_008165.jpg,Normal,0,D44
India_008167.jpg,Normal,0,D44
India_008168.jpg,Normal,0,D44
India_008170.jpg,Normal,0,
India_008171.jpg,Normal,0,
India_008172.jpg,Crack,1,D20
India_008173.jpg,Normal,0,
India_008175.jpg,Normal,0,
India_008177.jpg,Both,3,"D40, D20"
India_008178.jpg,Normal,0,
India_008179.jpg,Normal,0,
India_008181.jpg,Normal,0,
India_008182.jpg,Crack,1,"D20, D20"
India_008183.jpg,Both,3,"D20, D40, D40, D40, D40"
India_008184.jpg,Normal,0,D43
India_008185.jpg,Normal,0,
India_008186.jpg,Crack,1,D20
India_008187.jpg,Normal,0,
India_008188.jpg,Both,3,"D00, D00, D40"
India_008189.jpg,Normal,0,
India_008190.jpg,Crack,1,D20
India_008192.jpg,Normal,0,
India_008193.jpg,Normal,0,
India_008194.jpg,Normal,0,D50
India_008195.jpg,Crack,1,D20
India_008197.jpg,Normal,0,
India_008198.jpg,Crack,1,"D00, D43"
India_008204.jpg,Crack,1,"D00, D00"
India_008205.jpg,Normal,0,
India_008207.jpg,Both,3,"D00, D20, D20, D40"
India_008208.jpg,Normal,0,
India_008209.jpg,Both,3,"D00, D00, D40, D40"
India_008212.jpg,Normal,0,
India_008214.jpg,Crack,1,"D00, D20"
India_008215.jpg,Crack,1,"D00, D20"
India_008216.jpg,Normal,0,
India_008217.jpg,Normal,0,
India_008218.jpg,Crack,1,"D44, D00, D00, D00, D10, D00"
India_008219.jpg,Normal,0,
India_008220.jpg,Normal,0,
India_008221.jpg,Crack,1,D20
India_008222.jpg,Normal,0,"D44, D44"
India_008223.jpg,Both,3,"D20, D20, D40, D40, D20"
India_008224.jpg,Both,3,"D40, D40, D40, D40, D00"
India_008225.jpg,Normal,0,
India_008226.jpg,Both,3,"D20, D40"
India_008227.jpg,Both,3,"D20, D00, D40"
India_008228.jpg,Crack,1,"D20, D44"
India_008229.jpg,Crack,1,"D44, D20"
India_008230.jpg,Normal,0,
India_008231.jpg,Normal,0,
India_008232.jpg,Normal,0,
India_008233.jpg,Both,3,"D40, D40, D40, D40, D40, D40, D00, D20"
India_008235.jpg,Normal,0,
India_008236.jpg,Normal,0,
India_008237.jpg,Crack,1,"D00, D00"
India_008238.jpg,Crack,1,"D20, D00"
India_008239.jpg,Crack,1,"D44, D20"
India_008241.jpg,Pothole,2,"D40, D40, D40"
India_008242.jpg,Normal,0,
India_008243.jpg,Normal,0,
India_008244.jpg,Both,3,"D20, D40, D40"
India_008247.jpg,Crack,1,D00
India_008248.jpg,Normal,0,
India_008249.jpg,Both,3,"D40, D00, D20, D20"
India_008250.jpg,Both,3,"D20, D44, D40"
India_008253.jpg,Normal,0,D44
India_008254.jpg,Crack,1,"D00, D00, D20"
India_008255.jpg,Normal,0,D44
India_008256.jpg,Crack,1,"D20, D44"
India_008257.jpg,Crack,1,"D00, D00, D00, D43, D20, D20"
India_008258.jpg,Normal,0,D43
India_008261.jpg,Both,3,"D40, D40, D40, D00, D20, D40"
India_008262.jpg,Normal,0,
India_008263.jpg,Both,3,"D40, D40, D40, D20, D20"
India_008265.jpg,Crack,1,"D01, D11"
India_008266.jpg,Crack,1,D20
India_008267.jpg,Both,3,"D20, D00, D40, D40"
India_008268.jpg,Normal,0,
India_008269.jpg,Normal,0,
India_008270.jpg,Normal,0,
India_008271.jpg,Both,3,"D40, D20"
India_008272.jpg,Normal,0,
India_008274.jpg,Normal,0,D44
India_008276.jpg,Normal,0,
India_008278.jpg,Normal,0,
India_008279.jpg,Pothole,2,D40
India_008280.jpg,Crack,1,"D00, D00, D00"
India_008282.jpg,Both,3,"D40, D20"
India_008283.jpg,Normal,0,
India_008284.jpg,Crack,1,"D20, D44"
India_008285.jpg,Pothole,2,"D40, D40, D40"
India_008286.jpg,Normal,0,
India_008289.jpg,Normal,0,
India_008290.jpg,Normal,0,
India_008292.jpg,Pothole,2,D40
India_008293.jpg,Normal,0,
India_008294.jpg,Normal,0,
India_008295.jpg,Normal,0,
India_008296.jpg,Both,3,"D20, D40"
India_008297.jpg,Pothole,2,"D40, D40, D40"
India_008298.jpg,Normal,0,D44
India_008301.jpg,Both,3,"D20, D20, D00, D40, D40"
India_008302.jpg,Normal,0,
India_008304.jpg,Both,3,"D20, D00, D00, D40"
India_008305.jpg,Normal,0,
India_008306.jpg,Crack,1,"D00, D20"
India_008307.jpg,Crack,1,D10
India_008308.jpg,Pothole,2,D40
India_008309.jpg,Normal,0,
India_008310.jpg,Normal,0,
India_008312.jpg,Normal,0,
India_008313.jpg,Crack,1,D20
India_008314.jpg,Crack,1,"D44, D44, D20"
India_008315.jpg,Normal,0,
India_008316.jpg,Normal,0,
India_008317.jpg,Both,3,"D40, D40, D40, D40, D40, D00, D20"
India_008319.jpg,Normal,0,
India_008321.jpg,Both,3,"D40, D40, D20"
India_008322.jpg,Crack,1,"D00, D00"
India_008323.jpg,Crack,1,D00
India_008325.jpg,Crack,1,"D20, D00"
India_008327.jpg,Both,3,"D20, D40"
India_008328.jpg,Normal,0,
India_008329.jpg,Crack,1,"D44, D20"
India_008330.jpg,Normal,0,
India_008331.jpg,Normal,0,
India_008332.jpg,Normal,0,
India_008333.jpg,Crack,1,"D00, D00, D20"
India_008336.jpg,Pothole,2,"D44, D40"
India_008337.jpg,Normal,0,
India_008338.jpg,Normal,0,"D50, D44"
India_008339.jpg,Pothole,2,"D40, D43"
India_008340.jpg,Crack,1,"D00, D20"
India_008341.jpg,Normal,0,
India_008343.jpg,Crack,1,"D20, D20"
India_008344.jpg,Crack,1,D20
India_008345.jpg,Normal,0,
India_008346.jpg,Normal,0,
India_008347.jpg,Normal,0,
India_008349.jpg,Normal,0,
India_008351.jpg,Normal,0,
India_008352.jpg,Normal,0,
India_008354.jpg,Normal,0,
India_008355.jpg,Crack,1,D00
India_008357.jpg,Normal,0,
India_008359.jpg,Crack,1,"D20, D44, D00"
India_008360.jpg,Normal,0,
India_008361.jpg,Normal,0,
India_008363.jpg,Normal,0,
India_008364.jpg,Normal,0,
India_008367.jpg,Pothole,2,"D40, D40, D40, D40, D40"
India_008368.jpg,Crack,1,"D00, D00"
India_008370.jpg,Normal,0,
India_008371.jpg,Crack,1,"D20, D20"
India_008372.jpg,Normal,0,
India_008374.jpg,Crack,1,"D00, D20, D00"
India_008375.jpg,Crack,1,D20
India_008376.jpg,Crack,1,D00
India_008377.jpg,Normal,0,
India_008378.jpg,Pothole,2,"D40, D40"
India_008379.jpg,Normal,0,
India_008380.jpg,Normal,0,
India_008381.jpg,Normal,0,
India_008382.jpg,Normal,0,
India_008383.jpg,Both,3,"D40, D00"
India_008384.jpg,Normal,0,
India_008385.jpg,Crack,1,"D00, D00, D20"
India_008386.jpg,Both,3,"D00, D20, D00, D40"
India_008387.jpg,Normal,0,
India_008388.jpg,Normal,0,
India_008389.jpg,Pothole,2,D40
India_008390.jpg,Both,3,"D40, D40, D20"
India_008391.jpg,Crack,1,"D20, D44"
India_008392.jpg,Normal,0,
India_008393.jpg,Crack,1,"D11, D01, D01, D01"
India_008394.jpg,Normal,0,
India_008395.jpg,Both,3,"D40, D40, D20"
India_008396.jpg,Crack,1,D00
India_008397.jpg,Normal,0,
India_008398.jpg,Normal,0,
India_008399.jpg,Normal,0,
India_008400.jpg,Both,3,"D20, D00, D40"
India_008401.jpg,Crack,1,D01
India_008402.jpg,Normal,0,
India_008403.jpg,Normal,0,
India_008404.jpg,Normal,0,
India_008406.jpg,Normal,0,
India_008407.jpg,Crack,1,"D20, D00"
India_008408.jpg,Normal,0,
India_008409.jpg,Normal,0,
India_008412.jpg,Normal,0,
India_008413.jpg,Normal,0,
India_008415.jpg,Normal,0,
India_008416.jpg,Both,3,"D20, D40, D40, D40, D40, D40, D00"
India_008417.jpg,Crack,1,D01
India_008420.jpg,Crack,1,"D00, D00, D00, D00"
India_008421.jpg,Pothole,2,D40
India_008423.jpg,Normal,0,
India_008425.jpg,Pothole,2,"D44, D44, D44, D40"
India_008428.jpg,Normal,0,
India_008429.jpg,Normal,0,"D44, D44"
India_008430.jpg,Crack,1,"D20, D44"
India_008431.jpg,Normal,0,
India_008433.jpg,Normal,0,
India_008434.jpg,Normal,0,
India_008435.jpg,Crack,1,"D00, D00"
India_008436.jpg,Pothole,2,D40
India_008437.jpg,Both,3,"D40, D20, D00, D00, D00"
India_008440.jpg,Both,3,"D20, D40"
India_008441.jpg,Normal,0,
India_008442.jpg,Normal,0,
India_008445.jpg,Normal,0,
India_008446.jpg,Pothole,2,D40
India_008450.jpg,Normal,0,
India_008453.jpg,Normal,0,
India_008455.jpg,Normal,0,
India_008457.jpg,Normal,0,
India_008458.jpg,Pothole,2,"D40, D40"
India_008459.jpg,Normal,0,
India_008460.jpg,Normal,0,
India_008461.jpg,Normal,0,
India_008462.jpg,Normal,0,
India_008463.jpg,Normal,0,D44
India_008464.jpg,Normal,0,
India_008465.jpg,Both,3,"D20, D40"
India_008466.jpg,Crack,1,D20
India_008467.jpg,Normal,0,
India_008468.jpg,Crack,1,D20
India_008470.jpg,Normal,0,
India_008471.jpg,Both,3,"D20, D40"
India_008473.jpg,Normal,0,
India_008474.jpg,Normal,0,
India_008475.jpg,Pothole,2,D40
India_008476.jpg,Normal,0,
India_008478.jpg,Normal,0,
India_008479.jpg,Both,3,"D40, D00, D00"
India_008480.jpg,Crack,1,D20
India_008481.jpg,Normal,0,
India_008483.jpg,Normal,0,
India_008484.jpg,Normal,0,
India_008486.jpg,Crack,1,"D44, D20, D20"
India_008488.jpg,Crack,1,"D44, D44, D01, D01"
India_008489.jpg,Normal,0,
India_008492.jpg,Pothole,2,D40
India_008494.jpg,Crack,1,D20
India_008495.jpg,Crack,1,"D00, D00, D00"
India_008496.jpg,Crack,1,"D20, D44, D44"
India_008497.jpg,Normal,0,
India_008498.jpg,Normal,0,
India_008499.jpg,Pothole,2,D40
India_008501.jpg,Normal,0,
India_008502.jpg,Normal,0,
India_008503.jpg,Both,3,"D40, D00"
India_008504.jpg,Crack,1,"D44, D00, D20, D20"
India_008505.jpg,Pothole,2,D40
India_008507.jpg,Crack,1,D20
India_008510.jpg,Normal,0,
India_008511.jpg,Pothole,2,D40
India_008512.jpg,Pothole,2,D40
India_008513.jpg,Normal,0,
India_008515.jpg,Crack,1,"D00, D00, D20"
India_008516.jpg,Normal,0,"D44, D44, D44"
India_008517.jpg,Normal,0,
India_008518.jpg,Normal,0,D50
India_008522.jpg,Normal,0,
India_008523.jpg,Pothole,2,"D40, D40"
India_008524.jpg,Pothole,2,D40
India_008525.jpg,Normal,0,
India_008526.jpg,Normal,0,
India_008527.jpg,Normal,0,
India_008528.jpg,Crack,1,D00
India_008529.jpg,Normal,0,
India_008530.jpg,Crack,1,D20
India_008531.jpg,Normal,0,
India_008532.jpg,Crack,1,D20
India_008533.jpg,Normal,0,
India_008534.jpg,Normal,0,
India_008535.jpg,Pothole,2,D40
India_008537.jpg,Normal,0,
India_008538.jpg,Normal,0,
India_008539.jpg,Normal,0,
India_008540.jpg,Crack,1,D00
India_008541.jpg,Crack,1,D20
India_008542.jpg,Normal,0,
India_008543.jpg,Normal,0,D44
India_008544.jpg,Pothole,2,D40
India_008545.jpg,Normal,0,
India_008546.jpg,Normal,0,D44
India_008548.jpg,Pothole,2,"D40, D40"
India_008549.jpg,Normal,0,
India_008551.jpg,Normal,0,
India_008553.jpg,Crack,1,D20
India_008554.jpg,Normal,0,
India_008555.jpg,Normal,0,
India_008556.jpg,Normal,0,
India_008557.jpg,Pothole,2,D40
India_008558.jpg,Crack,1,D20
India_008559.jpg,Normal,0,
India_008560.jpg,Normal,0,
India_008563.jpg,Both,3,"D20, D40, D20"
India_008564.jpg,Normal,0,
India_008565.jpg,Crack,1,D20
India_008569.jpg,Pothole,2,D40
India_008570.jpg,Normal,0,"D44, D44"
India_008572.jpg,Both,3,"D40, D00, D20"
India_008574.jpg,Crack,1,"D20, D44"
India_008575.jpg,Crack,1,"D00, D44"
India_008576.jpg,Both,3,"D40, D40, D40, D40, D20"
India_008577.jpg,Normal,0,
India_008579.jpg,Normal,0,
India_008580.jpg,Normal,0,
India_008582.jpg,Crack,1,"D20, D00, D00"
India_008584.jpg,Crack,1,D20
India_008585.jpg,Crack,1,D20
India_008586.jpg,Normal,0,
India_008587.jpg,Normal,0,
India_008588.jpg,Crack,1,"D20, D00"
India_008589.jpg,Normal,0,
India_008591.jpg,Normal,0,
India_008592.jpg,Crack,1,"D00, D00"
India_008594.jpg,Normal,0,D44
India_008595.jpg,Normal,0,
India_008597.jpg,Both,3,"D20, D40, D40, D40, D40, D40, D40, D40"
India_008598.jpg,Normal,0,
India_008599.jpg,Normal,0,
India_008601.jpg,Normal,0,
India_008604.jpg,Normal,0,
India_008605.jpg,Normal,0,D44
India_008606.jpg,Crack,1,"D20, D20, D00"
India_008607.jpg,Normal,0,
India_008608.jpg,Normal,0,
India_008609.jpg,Pothole,2,"D40, D40, D40"
India_008610.jpg,Crack,1,D00
India_008611.jpg,Crack,1,D00
India_008613.jpg,Normal,0,
India_008614.jpg,Normal,0,D44
India_008615.jpg,Normal,0,
India_008616.jpg,Crack,1,"D00, D00"
India_008618.jpg,Both,3,"D40, D20"
India_008619.jpg,Normal,0,
India_008620.jpg,Both,3,"D40, D40, D40, D40, D20"
India_008621.jpg,Normal,0,
India_008622.jpg,Normal,0,
India_008623.jpg,Crack,1,"D20, D44"
India_008624.jpg,Normal,0,
India_008625.jpg,Normal,0,
India_008626.jpg,Normal,0,
India_008627.jpg,Pothole,2,"D44, D40, D40"
India_008628.jpg,Normal,0,
India_008629.jpg,Normal,0,D44
India_008631.jpg,Normal,0,
India_008632.jpg,Pothole,2,"D40, D40"
India_008633.jpg,Crack,1,D20
India_008634.jpg,Normal,0,
India_008636.jpg,Both,3,"D20, D40, D40, D40"
India_008637.jpg,Crack,1,"D44, D00"
India_008639.jpg,Both,3,"D40, D40, D40, D40, D20, D20"
India_008640.jpg,Normal,0,
India_008641.jpg,Normal,0,
India_008642.jpg,Normal,0,
India_008643.jpg,Crack,1,D00
India_008644.jpg,Normal,0,D44
India_008645.jpg,Crack,1,D11
India_008648.jpg,Crack,1,"D50, D01, D01"
India_008649.jpg,Crack,1,D00
India_008650.jpg,Crack,1,"D20, D44"
India_008651.jpg,Normal,0,
India_008652.jpg,Pothole,2,"D40, D40, D40, D40, D40, D40, D40"
India_008653.jpg,Crack,1,D01
India_008654.jpg,Crack,1,D20
India_008655.jpg,Normal,0,D44
India_008656.jpg,Normal,0,
India_008657.jpg,Crack,1,"D44, D44, D20, D20"
India_008658.jpg,Crack,1,"D20, D00, D00"
India_008659.jpg,Both,3,"D00, D40, D40, D40"
India_008660.jpg,Normal,0,
India_008661.jpg,Pothole,2,"D40, D40"
India_008662.jpg,Both,3,"D40, D40, D20, D40"
India_008664.jpg,Crack,1,"D20, D44"
India_008665.jpg,Normal,0,
India_008667.jpg,Both,3,"D40, D00"
India_008669.jpg,Normal,0,
India_008670.jpg,Pothole,2,"D40, D40, D40"
India_008672.jpg,Normal,0,
India_008673.jpg,Pothole,2,"D44, D40, D40, D40, D40, D40"
India_008675.jpg,Crack,1,"D20, D44, D44"
India_008676.jpg,Both,3,"D20, D44, D40, D40"
India_008677.jpg,Pothole,2,D40
India_008678.jpg,Normal,0,
India_008679.jpg,Normal,0,D44
India_008680.jpg,Crack,1,D20
India_008681.jpg,Normal,0,
India_008682.jpg,Both,3,"D20, D00, D40, D40, D40"
India_008683.jpg,Normal,0,
India_008684.jpg,Crack,1,"D20, D00"
India_008685.jpg,Normal,0,
India_008686.jpg,Normal,0,
India_008687.jpg,Normal,0,
India_008689.jpg,Normal,0,
India_008691.jpg,Crack,1,"D20, D44"
India_008692.jpg,Normal,0,"D44, D44"
India_008694.jpg,Pothole,2,"D40, D40, D40, D40, D40, D40"
India_008695.jpg,Pothole,2,"D44, D44, D40"
India_008698.jpg,Both,3,"D44, D20, D40"
India_008701.jpg,Both,3,"D40, D40, D40, D40, D00, D20"
India_008702.jpg,Normal,0,
India_008703.jpg,Both,3,"D20, D40, D40, D40"
India_008704.jpg,Crack,1,"D20, D20, D44, D20"
India_008705.jpg,Normal,0,
India_008706.jpg,Crack,1,D20
India_008707.jpg,Crack,1,D20
India_008708.jpg,Normal,0,
India_008709.jpg,Normal,0,
India_008710.jpg,Normal,0,
India_008711.jpg,Crack,1,"D44, D20"
India_008712.jpg,Both,3,"D00, D40, D40"
India_008714.jpg,Normal,0,
India_008715.jpg,Crack,1,D20
India_008718.jpg,Normal,0,
India_008719.jpg,Crack,1,"D20, D44"
India_008720.jpg,Normal,0,
India_008722.jpg,Normal,0,
India_008724.jpg,Crack,1,D20
India_008726.jpg,Pothole,2,"D44, D40"
India_008727.jpg,Normal,0,
India_008728.jpg,Both,3,"D40, D20, D40, D40"
India_008730.jpg,Normal,0,
India_008731.jpg,Crack,1,D20
India_008732.jpg,Crack,1,D00
India_008733.jpg,Pothole,2,D40
India_008734.jpg,Crack,1,D00
India_008736.jpg,Normal,0,
India_008737.jpg,Normal,0,
India_008739.jpg,Crack,1,D00
India_008740.jpg,Normal,0,
India_008741.jpg,Normal,0,
India_008742.jpg,Normal,0,
India_008743.jpg,Normal,0,
India_008745.jpg,Crack,1,"D20, D20, D20"
India_008746.jpg,Both,3,"D20, D40"
India_008747.jpg,Normal,0,
India_008749.jpg,Both,3,"D20, D40, D40, D40, D40, D40, D00"
India_008750.jpg,Both,3,"D20, D40"
India_008751.jpg,Normal,0,
India_008752.jpg,Both,3,"D40, D00, D20"
India_008753.jpg,Normal,0,
India_008755.jpg,Crack,1,D00
India_008757.jpg,Normal,0,
India_008758.jpg,Normal,0,
India_008759.jpg,Normal,0,
India_008760.jpg,Normal,0,
India_008762.jpg,Both,3,"D20, D40, D40, D40, D40"
India_008763.jpg,Normal,0,
India_008764.jpg,Normal,0,
India_008766.jpg,Normal,0,
India_008767.jpg,Normal,0,
India_008768.jpg,Crack,1,D20
India_008769.jpg,Normal,0,
India_008771.jpg,Pothole,2,"D40, D40"
India_008772.jpg,Both,3,"D20, D00, D40, D00, D44"
India_008773.jpg,Normal,0,D43
India_008774.jpg,Normal,0,
India_008775.jpg,Normal,0,
India_008777.jpg,Normal,0,
India_008778.jpg,Normal,0,
India_008779.jpg,Normal,0,
India_008780.jpg,Crack,1,D20
India_008783.jpg,Normal,0,
India_008784.jpg,Normal,0,
India_008785.jpg,Normal,0,
India_008786.jpg,Normal,0,
India_008787.jpg,Normal,0,
India_008789.jpg,Pothole,2,D40
India_008790.jpg,Crack,1,"D00, D10"
India_008792.jpg,Crack,1,D20
India_008794.jpg,Normal,0,
India_008795.jpg,Normal,0,
India_008796.jpg,Normal,0,"D44, D44, D44"
India_008798.jpg,Crack,1,D20
India_008800.jpg,Crack,1,"D20, D44, D00"
India_008801.jpg,Both,3,"D40, D10"
India_008802.jpg,Both,3,"D20, D40, D00"
India_008804.jpg,Normal,0,
India_008805.jpg,Normal,0,
India_008806.jpg,Normal,0,
India_008807.jpg,Pothole,2,D40
India_008809.jpg,Crack,1,D00
India_008810.jpg,Normal,0,
India_008811.jpg,Normal,0,
India_008812.jpg,Crack,1,"D20, D44"
India_008813.jpg,Crack,1,"D00, D00"
India_008814.jpg,Normal,0,
India_008815.jpg,Normal,0,
India_008816.jpg,Normal,0,
India_008818.jpg,Normal,0,
India_008819.jpg,Both,3,"D20, D40"
India_008821.jpg,Pothole,2,"D40, D40"
India_008823.jpg,Normal,0,
India_008824.jpg,Normal,0,
India_008825.jpg,Normal,0,D44
India_008826.jpg,Both,3,"D20, D20, D40, D40, D40, D40, D40"
India_008827.jpg,Normal,0,
India_008828.jpg,Normal,0,
India_008829.jpg,Crack,1,D20
India_008830.jpg,Normal,0,
India_008831.jpg,Normal,0,
India_008832.jpg,Crack,1,"D00, D00"
India_008833.jpg,Normal,0,
India_008834.jpg,Normal,0,D44
India_008835.jpg,Normal,0,
India_008836.jpg,Normal,0,
India_008838.jpg,Normal,0,
India_008839.jpg,Crack,1,D00
India_008841.jpg,Normal,0,
India_008842.jpg,Normal,0,
India_008844.jpg,Normal,0,
India_008845.jpg,Normal,0,
India_008846.jpg,Crack,1,"D44, D44, D20"
India_008847.jpg,Crack,1,"D01, D11"
India_008848.jpg,Normal,0,
India_008849.jpg,Normal,0,
India_008850.jpg,Normal,0,
India_008851.jpg,Crack,1,"D01, D20"
India_008852.jpg,Both,3,"D00, D00, D40"
India_008853.jpg,Crack,1,D20
India_008854.jpg,Crack,1,D00
India_008855.jpg,Normal,0,
India_008857.jpg,Crack,1,D00
India_008858.jpg,Normal,0,
India_008860.jpg,Both,3,"D40, D40, D40, D40, D40, D40, D40, D40, D40, D40, D40, D40, D40, D00"
India_008861.jpg,Normal,0,
India_008862.jpg,Normal,0,
India_008863.jpg,Normal,0,D44
India_008864.jpg,Normal,0,
India_008866.jpg,Normal,0,D43
India_008867.jpg,Pothole,2,"D40, D40, D40"
India_008868.jpg,Normal,0,
India_008870.jpg,Pothole,2,D40
India_008871.jpg,Normal,0,
India_008872.jpg,Both,3,"D40, D40, D20, D40"
India_008874.jpg,Normal,0,D44
India_008875.jpg,Normal,0,
India_008878.jpg,Crack,1,D20
India_008879.jpg,Normal,0,
India_008880.jpg,Normal,0,
India_008881.jpg,Both,3,"D40, D40, D40, D40, D20, D10, D00"
India_008883.jpg,Normal,0,
India_008886.jpg,Crack,1,D20
India_008887.jpg,Normal,0,
India_008888.jpg,Normal,0,
India_008889.jpg,Crack,1,D00
India_008890.jpg,Normal,0,
India_008891.jpg,Normal,0,
India_008893.jpg,Crack,1,D20
India_008894.jpg,Normal,0,
India_008896.jpg,Normal,0,
India_008898.jpg,Normal,0,
India_008900.jpg,Normal,0,
India_008901.jpg,Normal,0,
India_008903.jpg,Normal,0,
India_008904.jpg,Crack,1,"D00, D00"
India_008905.jpg,Normal,0,
India_008906.jpg,Both,3,"D40, D00, D20"
India_008907.jpg,Normal,0,"D44, D44"
India_008908.jpg,Normal,0,
India_008909.jpg,Crack,1,"D44, D20"
India_008910.jpg,Normal,0,
India_008911.jpg,Normal,0,D44
India_008912.jpg,Normal,0,
India_008915.jpg,Pothole,2,D40
India_008916.jpg,Normal,0,
India_008918.jpg,Crack,1,D20
India_008919.jpg,Normal,0,
India_008920.jpg,Normal,0,
India_008921.jpg,Normal,0,
India_008922.jpg,Normal,0,
India_008923.jpg,Normal,0,
India_008924.jpg,Normal,0,
India_008925.jpg,Both,3,"D00, D40"
India_008926.jpg,Both,3,"D40, D20"
India_008927.jpg,Both,3,"D00, D40, D40, D40"
India_008928.jpg,Crack,1,"D20, D20"
India_008929.jpg,Normal,0,
India_008930.jpg,Crack,1,D01
India_008933.jpg,Pothole,2,"D40, D40"
India_008940.jpg,Crack,1,"D20, D20, D00"
India_008941.jpg,Normal,0,
India_008942.jpg,Pothole,2,"D50, D40"
India_008944.jpg,Pothole,2,D40
India_008945.jpg,Normal,0,
India_008946.jpg,Normal,0,
India_008947.jpg,Crack,1,"D00, D00, D00"
India_008948.jpg,Pothole,2,"D40, D40"
India_008950.jpg,Pothole,2,"D40, D40"
India_008951.jpg,Normal,0,
India_008952.jpg,Crack,1,D20
India_008953.jpg,Both,3,"D40, D40, D40, D20"
India_008954.jpg,Normal,0,
India_008955.jpg,Normal,0,
India_008956.jpg,Normal,0,
India_008957.jpg,Pothole,2,"D40, D40, D40, D40"
India_008959.jpg,Normal,0,
India_008960.jpg,Crack,1,D20
India_008961.jpg,Normal,0,
India_008962.jpg,Normal,0,
India_008963.jpg,Pothole,2,D40
India_008964.jpg,Normal,0,
India_008966.jpg,Normal,0,
India_008968.jpg,Normal,0,
India_008969.jpg,Both,3,"D40, D00, D20, D20"
India_008970.jpg,Normal,0,
India_008971.jpg,Both,3,"D00, D00, D00, D40, D40, D40, D20"
India_008972.jpg,Normal,0,
India_008973.jpg,Normal,0,D44
India_008975.jpg,Normal,0,D44
India_008976.jpg,Crack,1,"D00, D00"
India_008977.jpg,Crack,1,D20
India_008979.jpg,Normal,0,
India_008980.jpg,Normal,0,
India_008982.jpg,Crack,1,D20
India_008983.jpg,Normal,0,
India_008984.jpg,Pothole,2,"D40, D40"
India_008985.jpg,Crack,1,D20
India_008986.jpg,Crack,1,D20
India_008988.jpg,Both,3,"D40, D40, D40, D00, D00, D00"
India_008989.jpg,Crack,1,"D00, D00, D20"
India_008990.jpg,Crack,1,D20
India_008991.jpg,Pothole,2,D40
India_008992.jpg,Normal,0,
India_008993.jpg,Crack,1,D20
India_008995.jpg,Normal,0,
India_008996.jpg,Normal,0,
India_008997.jpg,Crack,1,D20
India_008998.jpg,Crack,1,"D20, D44, D44, D44"
India_008999.jpg,Crack,1,D00
India_009000.jpg,Crack,1,D20
India_009001.jpg,Both,3,"D20, D20, D20, D40, D40"
India_009002.jpg,Crack,1,"D00, D00, D00"
India_009004.jpg,Crack,1,D20
India_009005.jpg,Normal,0,
India_009007.jpg,Normal,0,
India_009009.jpg,Both,3,"D40, D40, D40, D40, D40, D40, D20"
India_009010.jpg,Crack,1,"D20, D44"
India_009011.jpg,Pothole,2,D40
India_009013.jpg,Both,3,"D40, D20"
India_009014.jpg,Normal,0,D44
India_009015.jpg,Normal,0,
India_009017.jpg,Pothole,2,"D40, D40, D40"
India_009018.jpg,Crack,1,D20
India_009020.jpg,Normal,0,
India_009021.jpg,Crack,1,"D00, D01, D01"
India_009022.jpg,Normal,0,
India_009023.jpg,Pothole,2,"D40, D40, D40"
India_009025.jpg,Normal,0,
India_009026.jpg,Normal,0,
India_009027.jpg,Normal,0,D44
India_009029.jpg,Crack,1,D20
India_009030.jpg,Normal,0,
India_009031.jpg,Normal,0,
India_009032.jpg,Normal,0,
India_009033.jpg,Normal,0,
India_009034.jpg,Normal,0,
India_009035.jpg,Normal,0,
India_009036.jpg,Normal,0,
India_009037.jpg,Normal,0,
India_009038.jpg,Crack,1,"D00, D20"
India_009039.jpg,Crack,1,D20
India_009040.jpg,Normal,0,
India_009041.jpg,Both,3,"D40, D40, D40, D20, D40"
India_009042.jpg,Crack,1,D00
India_009044.jpg,Normal,0,
India_009045.jpg,Normal,0,
India_009046.jpg,Crack,1,"D20, D44"
India_009047.jpg,Normal,0,
India_009048.jpg,Normal,0,"D44, D44"
India_009049.jpg,Normal,0,
India_009051.jpg,Both,3,"D20, D40, D40, D40, D40, D40, D40"
India_009053.jpg,Normal,0,
India_009054.jpg,Pothole,2,D40
India_009055.jpg,Crack,1,D20
India_009056.jpg,Normal,0,
India_009057.jpg,Normal,0,
India_009058.jpg,Normal,0,
India_009060.jpg,Normal,0,
India_009061.jpg,Normal,0,
India_009062.jpg,Normal,0,
India_009063.jpg,Crack,1,D20
India_009064.jpg,Crack,1,D20
India_009065.jpg,Pothole,2,D40
India_009066.jpg,Crack,1,D20
India_009068.jpg,Crack,1,D20
India_009069.jpg,Normal,0,D44
India_009071.jpg,Pothole,2,"D40, D40"
India_009072.jpg,Normal,0,
India_009073.jpg,Normal,0,
India_009074.jpg,Crack,1,D00
India_009075.jpg,Crack,1,"D20, D20"
India_009076.jpg,Normal,0,
India_009077.jpg,Crack,1,"D44, D20"
India_009078.jpg,Normal,0,
India_009080.jpg,Pothole,2,D40
India_009083.jpg,Normal,0,
India_009086.jpg,Normal,0,
India_009087.jpg,Normal,0,
India_009088.jpg,Normal,0,
India_009089.jpg,Normal,0,
India_009090.jpg,Normal,0,
India_009092.jpg,Normal,0,
India_009094.jpg,Normal,0,
India_009095.jpg,Crack,1,D20
India_009096.jpg,Crack,1,D20
India_009097.jpg,Both,3,"D40, D40, D40, D40, D20, D00, D20"
India_009099.jpg,Normal,0,
India_009100.jpg,Both,3,"D20, D20, D40"
India_009101.jpg,Normal,0,
India_009102.jpg,Normal,0,D44
India_009104.jpg,Normal,0,
India_009107.jpg,Crack,1,D20
India_009108.jpg,Crack,1,"D20, D00"
India_009109.jpg,Normal,0,
India_009110.jpg,Normal,0,
India_009112.jpg,Crack,1,D20
India_009113.jpg,Normal,0,
India_009114.jpg,Normal,0,D44
India_009116.jpg,Crack,1,"D01, D01, D01, D01"
India_009117.jpg,Pothole,2,"D40, D40, D40, D40, D40"
India_009118.jpg,Normal,0,D44
India_009119.jpg,Crack,1,"D44, D20, D20, D44"
India_009120.jpg,Normal,0,
India_009121.jpg,Normal,0,
India_009122.jpg,Both,3,"D40, D00"
India_009123.jpg,Pothole,2,"D40, D40"
India_009124.jpg,Normal,0,
India_009127.jpg,Crack,1,D20
India_009128.jpg,Crack,1,D20
India_009129.jpg,Pothole,2,"D40, D40, D40"
India_009130.jpg,Normal,0,
India_009131.jpg,Pothole,2,"D40, D40, D40, D44"
India_009132.jpg,Crack,1,D20
India_009133.jpg,Crack,1,"D00, D20, D00"
India_009134.jpg,Crack,1,D00
India_009136.jpg,Normal,0,
India_009137.jpg,Normal,0,
India_009138.jpg,Pothole,2,"D40, D40, D40"
India_009139.jpg,Normal,0,D44
India_009141.jpg,Normal,0,
India_009142.jpg,Pothole,2,"D40, D40"
India_009143.jpg,Normal,0,
India_009144.jpg,Pothole,2,D40
India_009147.jpg,Crack,1,D20
India_009148.jpg,Both,3,"D40, D40, D40, D40, D40, D00, D00"
India_009149.jpg,Normal,0,
India_009150.jpg,Normal,0,D44
India_009151.jpg,Both,3,"D40, D00"
India_009152.jpg,Normal,0,
India_009153.jpg,Pothole,2,"D40, D40, D40, D40"
India_009154.jpg,Normal,0,
India_009155.jpg,Normal,0,D44
India_009157.jpg,Both,3,"D40, D00"
India_009158.jpg,Normal,0,"D44, D44"
India_009159.jpg,Crack,1,"D20, D20"
India_009160.jpg,Normal,0,
India_009161.jpg,Both,3,"D40, D40, D40, D00, D00"
India_009162.jpg,Normal,0,
India_009163.jpg,Both,3,"D44, D40, D20"
India_009164.jpg,Crack,1,"D20, D44"
India_009165.jpg,Crack,1,"D00, D00"
India_009166.jpg,Normal,0,
India_009167.jpg,Crack,1,"D20, D00, D00"
India_009168.jpg,Normal,0,
India_009170.jpg,Normal,0,
India_009171.jpg,Both,3,"D20, D40, D40, D40, D40, D40, D40, D40"
India_009172.jpg,Crack,1,"D20, D20"
India_009173.jpg,Pothole,2,"D40, D40"
India_009174.jpg,Normal,0,
India_009175.jpg,Crack,1,D00
India_009176.jpg,Normal,0,
India_009177.jpg,Both,3,"D01, D01, D40, D11"
India_009178.jpg,Crack,1,"D20, D00, D20"
India_009179.jpg,Normal,0,
India_009180.jpg,Both,3,"D20, D40, D40"
India_009181.jpg,Normal,0,
India_009182.jpg,Normal,0,
India_009183.jpg,Normal,0,
India_009184.jpg,Crack,1,D20
India_009185.jpg,Both,3,"D20, D40, D00"
India_009186.jpg,Normal,0,
India_009188.jpg,Normal,0,"D44, D44"
India_009189.jpg,Normal,0,
India_009191.jpg,Normal,0,
India_009192.jpg,Normal,0,
India_009193.jpg,Crack,1,D20
India_009194.jpg,Normal,0,
India_009198.jpg,Normal,0,
India_009199.jpg,Normal,0,
India_009201.jpg,Normal,0,
India_009203.jpg,Normal,0,D44
India_009205.jpg,Pothole,2,D40
India_009206.jpg,Normal,0,
India_009207.jpg,Normal,0,
India_009208.jpg,Normal,0,
India_009209.jpg,Normal,0,
India_009210.jpg,Normal,0,
India_009212.jpg,Crack,1,"D20, D00"
India_009213.jpg,Both,3,"D00, D20, D40, D40, D40, D40, D40"
India_009214.jpg,Crack,1,"D20, D00, D00"
India_009215.jpg,Crack,1,"D00, D00, D00"
India_009216.jpg,Normal,0,
India_009217.jpg,Normal,0,D44
India_009218.jpg,Normal,0,
India_009219.jpg,Crack,1,D01
India_009220.jpg,Normal,0,
India_009221.jpg,Both,3,"D20, D40"
India_009222.jpg,Normal,0,D44
India_009223.jpg,Normal,0,
India_009224.jpg,Normal,0,
India_009225.jpg,Both,3,"D20, D40, D40, D40, D40, D40"
India_009226.jpg,Pothole,2,"D40, D40, D40, D40, D40, D40, D40, D40"
India_009227.jpg,Normal,0,
India_009229.jpg,Crack,1,D20
India_009230.jpg,Normal,0,
India_009232.jpg,Crack,1,"D01, D11"
India_009234.jpg,Normal,0,
India_009236.jpg,Normal,0,
India_009237.jpg,Normal,0,
India_009238.jpg,Normal,0,
India_009239.jpg,Normal,0,
India_009240.jpg,Crack,1,D20
India_009242.jpg,Normal,0,
India_009243.jpg,Normal,0,
India_009245.jpg,Both,3,"D40, D20, D00"
India_009246.jpg,Normal,0,
India_009247.jpg,Normal,0,D44
India_009248.jpg,Normal,0,
India_009249.jpg,Pothole,2,"D40, D40"
India_009250.jpg,Pothole,2,"D40, D40"
India_009251.jpg,Both,3,"D40, D00, D20, D40"
India_009254.jpg,Pothole,2,"D40, D40, D40, D40"
India_009255.jpg,Normal,0,
India_009256.jpg,Normal,0,
India_009257.jpg,Normal,0,
India_009258.jpg,Normal,0,
India_009260.jpg,Crack,1,D00
India_009262.jpg,Crack,1,D20
India_009263.jpg,Crack,1,D20
India_009268.jpg,Both,3,"D40, D40, D40, D20"
India_009269.jpg,Both,3,"D20, D40, D00"
India_009270.jpg,Normal,0,D44
India_009271.jpg,Crack,1,D00
India_009272.jpg,Both,3,"D40, D00, D00, D20"
India_009273.jpg,Normal,0,
India_009274.jpg,Normal,0,
India_009277.jpg,Normal,0,
India_009279.jpg,Pothole,2,"D40, D40"
India_009280.jpg,Normal,0,
India_009281.jpg,Pothole,2,D40
India_009282.jpg,Crack,1,D00
India_009283.jpg,Crack,1,"D00, D20"
India_009284.jpg,Crack,1,"D44, D20"
India_009285.jpg,Normal,0,
India_009287.jpg,Pothole,2,D40
India_009288.jpg,Normal,0,
India_009289.jpg,Normal,0,D44
India_009290.jpg,Crack,1,"D20, D20"
India_009293.jpg,Normal,0,
India_009294.jpg,Crack,1,"D20, D00"
India_009295.jpg,Normal,0,
India_009296.jpg,Normal,0,
India_009297.jpg,Crack,1,"D00, D20, D20"
India_009298.jpg,Normal,0,
India_009299.jpg,Normal,0,D44
India_009300.jpg,Normal,0,
India_009302.jpg,Normal,0,
India_009303.jpg,Pothole,2,D40
India_009304.jpg,Crack,1,"D20, D00"
India_009305.jpg,Normal,0,
India_009306.jpg,Normal,0,
India_009309.jpg,Normal,0,
India_009310.jpg,Normal,0,
India_009311.jpg,Pothole,2,D40
India_009312.jpg,Normal,0,D44
India_009314.jpg,Normal,0,"D44, D44"
India_009315.jpg,Normal,0,
India_009316.jpg,Normal,0,
India_009317.jpg,Both,3,"D20, D20, D44, D40"
India_009318.jpg,Both,3,"D20, D20, D40"
India_009320.jpg,Crack,1,D00
India_009321.jpg,Normal,0,
India_009322.jpg,Normal,0,
India_009325.jpg,Normal,0,
India_009326.jpg,Normal,0,
India_009327.jpg,Normal,0,
India_009329.jpg,Both,3,"D00, D00, D40"
India_009330.jpg,Normal,0,
India_009331.jpg,Crack,1,D00
India_009333.jpg,Normal,0,
India_009334.jpg,Normal,0,
India_009335.jpg,Crack,1,D20
India_009337.jpg,Both,3,"D10, D40"
India_009338.jpg,Crack,1,D20
India_009339.jpg,Both,3,"D20, D40"
India_009340.jpg,Crack,1,"D20, D20, D20"
India_009341.jpg,Normal,0,
India_009342.jpg,Normal,0,
India_009343.jpg,Normal,0,
India_009346.jpg,Pothole,2,"D40, D40"
India_009347.jpg,Normal,0,
India_009348.jpg,Both,3,"D40, D00"
India_009349.jpg,Crack,1,"D20, D44"
India_009351.jpg,Normal,0,D44
India_009352.jpg,Normal,0,
India_009353.jpg,Crack,1,"D00, D44, D44"
India_009354.jpg,Normal,0,
India_009357.jpg,Normal,0,
India_009358.jpg,Crack,1,D20
India_009359.jpg,Pothole,2,D40
India_009363.jpg,Normal,0,
India_009365.jpg,Normal,0,
India_009366.jpg,Normal,0,D44
India_009367.jpg,Normal,0,
India_009368.jpg,Normal,0,
India_009370.jpg,Crack,1,"D00, D20, D44"
India_009371.jpg,Normal,0,
India_009372.jpg,Normal,0,
India_009373.jpg,Crack,1,"D20, D44"
India_009375.jpg,Normal,0,
India_009376.jpg,Both,3,"D40, D40, D20, D20"
India_009377.jpg,Pothole,2,D40
India_009378.jpg,Normal,0,
India_009379.jpg,Normal,0,
India_009380.jpg,Pothole,2,D40
India_009381.jpg,Both,3,"D40, D40, D00, D40"
India_009382.jpg,Normal,0,
India_009383.jpg,Normal,0,
India_009384.jpg,Normal,0,
India_009385.jpg,Crack,1,"D20, D44"
India_009386.jpg,Normal,0,
India_009387.jpg,Normal,0,
India_009388.jpg,Normal,0,
India_009389.jpg,Both,3,"D40, D40, D40, D00"
India_009390.jpg,Normal,0,
India_009391.jpg,Pothole,2,"D40, D40"
India_009392.jpg,Both,3,"D40, D20"
India_009394.jpg,Crack,1,D20
India_009395.jpg,Normal,0,
India_009396.jpg,Normal,0,
India_009397.jpg,Both,3,"D01, D11, D40"
India_009400.jpg,Normal,0,
India_009401.jpg,Normal,0,
India_009402.jpg,Normal,0,D44
India_009403.jpg,Normal,0,
India_009405.jpg,Normal,0,
India_009406.jpg,Pothole,2,"D40, D40"
India_009407.jpg,Normal,0,
India_009408.jpg,Crack,1,"D00, D00"
India_009410.jpg,Normal,0,D44
India_009412.jpg,Normal,0,
India_009413.jpg,Normal,0,D44
India_009414.jpg,Normal,0,
India_009415.jpg,Pothole,2,"D40, D40"
India_009417.jpg,Normal,0,
India_009419.jpg,Crack,1,D20
India_009421.jpg,Crack,1,D20
India_009422.jpg,Normal,0,
India_009423.jpg,Crack,1,"D20, D00"
India_009424.jpg,Normal,0,
India_009425.jpg,Crack,1,D00
India_009426.jpg,Both,3,"D00, D40"
India_009427.jpg,Normal,0,
India_009428.jpg,Crack,1,"D20, D00"
India_009429.jpg,Crack,1,D20
India_009430.jpg,Both,3,"D20, D40, D40, D40"
India_009432.jpg,Normal,0,"D44, D44"
India_009433.jpg,Crack,1,"D20, D00, D00, D44"
India_009434.jpg,Both,3,"D40, D40, D40, D20, D00, D00"
India_009435.jpg,Both,3,"D20, D40"
India_009436.jpg,Pothole,2,"D40, D40, D40, D40, D40, D40, D40"
India_009437.jpg,Normal,0,
India_009438.jpg,Normal,0,
India_009439.jpg,Crack,1,"D00, D20"
India_009440.jpg,Normal,0,
India_009441.jpg,Pothole,2,"D40, D40"
India_009442.jpg,Crack,1,"D20, D00, D00"
India_009443.jpg,Normal,0,
India_009444.jpg,Crack,1,"D01, D01"
India_009445.jpg,Crack,1,"D20, D44"
India_009446.jpg,Crack,1,D00
India_009447.jpg,Crack,1,D20
India_009448.jpg,Pothole,2,D40
India_009449.jpg,Crack,1,"D00, D00, D00"
India_009451.jpg,Crack,1,D20
India_009452.jpg,Normal,0,
India_009453.jpg,Normal,0,
India_009454.jpg,Normal,0,
India_009455.jpg,Pothole,2,D40
India_009456.jpg,Normal,0,
India_009457.jpg,Normal,0,"D44, D44"
India_009458.jpg,Both,3,"D40, D20"
India_009459.jpg,Normal,0,
India_009462.jpg,Normal,0,
India_009465.jpg,Crack,1,D20
India_009467.jpg,Normal,0,
India_009469.jpg,Crack,1,"D00, D00"
India_009470.jpg,Normal,0,
India_009471.jpg,Normal,0,
India_009472.jpg,Normal,0,
India_009474.jpg,Normal,0,
India_009476.jpg,Normal,0,
India_009478.jpg,Both,3,"D20, D40"
India_009481.jpg,Normal,0,
India_009482.jpg,Normal,0,
India_009483.jpg,Normal,0,
India_009485.jpg,Normal,0,
India_009486.jpg,Crack,1,D20
India_009487.jpg,Normal,0,
India_009488.jpg,Normal,0,
India_009494.jpg,Normal,0,
India_009495.jpg,Normal,0,
India_009501.jpg,Normal,0,
India_009503.jpg,Normal,0,
India_009505.jpg,Crack,1,"D00, D00"
India_009506.jpg,Normal,0,
India_009507.jpg,Normal,0,
India_009509.jpg,Normal,0,
India_009510.jpg,Both,3,"D40, D40, D40, D20"
India_009511.jpg,Normal,0,
India_009512.jpg,Normal,0,
India_009513.jpg,Crack,1,D01
India_009514.jpg,Normal,0,
India_009517.jpg,Both,3,"D40, D40, D20"
India_009519.jpg,Normal,0,"D44, D44"
India_009521.jpg,Normal,0,
India_009522.jpg,Normal,0,
India_009523.jpg,Normal,0,
India_009524.jpg,Normal,0,
India_009525.jpg,Normal,0,
India_009526.jpg,Pothole,2,D40
India_009527.jpg,Normal,0,
India_009528.jpg,Both,3,"D00, D40, D40"
India_009530.jpg,Normal,0,
India_009531.jpg,Normal,0,"D44, D44"
India_009532.jpg,Normal,0,
India_009533.jpg,Normal,0,
India_009535.jpg,Normal,0,
India_009536.jpg,Both,3,"D20, D40, D40, D40"
India_009538.jpg,Normal,0,
India_009539.jpg,Normal,0,
India_009541.jpg,Crack,1,"D20, D44"
India_009542.jpg,Normal,0,
India_009544.jpg,Pothole,2,"D40, D40"
India_009545.jpg,Normal,0,
India_009546.jpg,Crack,1,D00
India_009547.jpg,Normal,0,
India_009548.jpg,Normal,0,
India_009549.jpg,Normal,0,
India_009550.jpg,Normal,0,"D44, D44"
India_009551.jpg,Normal,0,
India_009552.jpg,Normal,0,"D44, D44"
India_009553.jpg,Both,3,"D44, D40, D40, D20, D20, D44"
India_009554.jpg,Normal,0,
India_009555.jpg,Normal,0,D44
India_009556.jpg,Crack,1,D20
India_009557.jpg,Normal,0,
India_009559.jpg,Normal,0,
India_009560.jpg,Normal,0,
India_009562.jpg,Normal,0,"D44, D44"
India_009564.jpg,Both,3,"D40, D00, D00"
India_009565.jpg,Normal,0,
India_009567.jpg,Normal,0,
India_009568.jpg,Crack,1,"D20, D44, D44"
India_009570.jpg,Normal,0,
India_009571.jpg,Normal,0,
India_009572.jpg,Normal,0,
India_009573.jpg,Both,3,"D00, D20, D40"
India_009574.jpg,Crack,1,"D20, D44"
India_009575.jpg,Normal,0,
India_009576.jpg,Normal,0,
India_009577.jpg,Normal,0,
India_009578.jpg,Normal,0,
India_009579.jpg,Pothole,2,D40
India_009580.jpg,Normal,0,
India_009581.jpg,Both,3,"D20, D40"
India_009582.jpg,Normal,0,
India_009583.jpg,Crack,1,"D00, D00"
India_009585.jpg,Normal,0,
India_009586.jpg,Both,3,"D20, D40, D40, D40"
India_009588.jpg,Crack,1,D00
India_009589.jpg,Normal,0,D44
India_009590.jpg,Normal,0,
India_009591.jpg,Normal,0,
India_009592.jpg,Crack,1,D20
India_009593.jpg,Both,3,"D40, D00, D20"
India_009594.jpg,Normal,0,
India_009595.jpg,Crack,1,"D44, D20, D20"
India_009597.jpg,Crack,1,D00
India_009598.jpg,Normal,0,
India_009599.jpg,Normal,0,
India_009600.jpg,Crack,1,"D20, D20"
India_009601.jpg,Normal,0,
India_009602.jpg,Normal,0,
India_009603.jpg,Pothole,2,"D40, D40, D40, D44"
India_009604.jpg,Normal,0,
India_009605.jpg,Both,3,"D40, D40, D20"
India_009606.jpg,Normal,0,
India_009607.jpg,Crack,1,D20
India_009609.jpg,Crack,1,D01
India_009610.jpg,Normal,0,
India_009612.jpg,Both,3,"D20, D40, D40, D40"
India_009613.jpg,Normal,0,
India_009615.jpg,Normal,0,
India_009618.jpg,Crack,1,"D00, D20"
India_009619.jpg,Both,3,"D40, D40, D20"
India_009620.jpg,Normal,0,
India_009621.jpg,Normal,0,
India_009625.jpg,Crack,1,D00
India_009626.jpg,Normal,0,
India_009627.jpg,Normal,0,
India_009628.jpg,Crack,1,"D20, D00, D00"
India_009630.jpg,Both,3,"D44, D20, D40, D20"
India_009633.jpg,Both,3,"D20, D40"
India_009634.jpg,Normal,0,"D44, D44"
India_009635.jpg,Normal,0,D50
India_009638.jpg,Pothole,2,"D40, D40"
India_009639.jpg,Normal,0,
India_009640.jpg,Both,3,"D20, D40"
India_009641.jpg,Crack,1,D20
India_009642.jpg,Normal,0,
India_009644.jpg,Crack,1,"D44, D20"
India_009645.jpg,Normal,0,
India_009647.jpg,Crack,1,D20
India_009648.jpg,Normal,0,
India_009649.jpg,Crack,1,D20
India_009650.jpg,Crack,1,D20
India_009652.jpg,Normal,0,
India_009654.jpg,Crack,1,"D44, D20"
India_009655.jpg,Crack,1,D00
India_009656.jpg,Both,3,"D00, D40, D40"
India_009657.jpg,Normal,0,
India_009659.jpg,Normal,0,
India_009660.jpg,Normal,0,
India_009661.jpg,Normal,0,
India_009662.jpg,Normal,0,
India_009663.jpg,Both,3,"D20, D40, D40"
India_009664.jpg,Crack,1,D20
India_009666.jpg,Crack,1,"D00, D20"
India_009667.jpg,Pothole,2,"D40, D40, D40, D40"
India_009669.jpg,Crack,1,D00
India_009672.jpg,Normal,0,
India_009674.jpg,Normal,0,
India_009675.jpg,Crack,1,D20
India_009676.jpg,Normal,0,
India_009677.jpg,Crack,1,"D44, D20"
India_009678.jpg,Pothole,2,"D40, D40"
India_009679.jpg,Pothole,2,D40
India_009680.jpg,Normal,0,
India_009681.jpg,Normal,0,
India_009682.jpg,Pothole,2,D40
India_009683.jpg,Normal,0,
India_009684.jpg,Normal,0,
India_009685.jpg,Pothole,2,D40
India_009686.jpg,Normal,0,
India_009687.jpg,Crack,1,"D44, D00, D44"
India_009688.jpg,Both,3,"D01, D01, D11, D40"
India_009689.jpg,Normal,0,
India_009690.jpg,Normal,0,
India_009691.jpg,Pothole,2,"D40, D40"
India_009692.jpg,Normal,0,
India_009693.jpg,Normal,0,
India_009695.jpg,Normal,0,
India_009696.jpg,Crack,1,D20
India_009697.jpg,Normal,0,
India_009698.jpg,Crack,1,"D00, D20"
India_009699.jpg,Normal,0,D44
India_009700.jpg,Normal,0,
India_009701.jpg,Normal,0,
India_009702.jpg,Normal,0,
India_009703.jpg,Normal,0,
India_009704.jpg,Normal,0,
India_009706.jpg,Normal,0,
India_009707.jpg,Crack,1,"D20, D44"
India_009708.jpg,Normal,0,
India_009709.jpg,Normal,0,
India_009710.jpg,Normal,0,
India_009712.jpg,Crack,1,"D01, D01"
India_009713.jpg,Normal,0,
India_009714.jpg,Normal,0,
India_009715.jpg,Crack,1,D00
India_009716.jpg,Crack,1,"D00, D00"
India_009717.jpg,Normal,0,
India_009718.jpg,Normal,0,
India_009719.jpg,Crack,1,D20
India_009720.jpg,Normal,0,
India_009722.jpg,Normal,0,
India_009723.jpg,Both,3,"D40, D20"
India_009725.jpg,Both,3,"D20, D40, D40, D00"
India_009726.jpg,Normal,0,
India_009728.jpg,Normal,0,
India_009730.jpg,Normal,0,
India_009731.jpg,Normal,0,D44
India_009732.jpg,Normal,0,
India_009733.jpg,Normal,0,
India_009734.jpg,Both,3,"D20, D20, D20, D40, D40, D40"
India_009735.jpg,Pothole,2,"D40, D40"
India_009736.jpg,Normal,0,
India_009737.jpg,Crack,1,"D00, D44, D44"
India_009738.jpg,Normal,0,"D44, D44"
India_009739.jpg,Normal,0,
India_009741.jpg,Normal,0,
India_009742.jpg,Both,3,"D20, D40, D40"
India_009743.jpg,Crack,1,D20
India_009744.jpg,Crack,1,"D20, D44"
India_009745.jpg,Normal,0,
India_009746.jpg,Normal,0,
India_009747.jpg,Normal,0,
India_009748.jpg,Pothole,2,"D40, D40, D40"
India_009749.jpg,Normal,0,
India_009750.jpg,Crack,1,D20
India_009751.jpg,Crack,1,"D20, D44"
India_009752.jpg,Pothole,2,D40
India_009753.jpg,Normal,0,D44
India_009755.jpg,Crack,1,D20
India_009756.jpg,Both,3,"D20, D20, D00, D40"
India_009757.jpg,Normal,0,
India_009758.jpg,Normal,0,
India_009759.jpg,Normal,0,
India_009760.jpg,Normal,0,
India_009761.jpg,Normal,0,
India_009762.jpg,Normal,0,
India_009763.jpg,Pothole,2,D40
India_009765.jpg,Both,3,"D01, D40"
India_009766.jpg,Crack,1,D20
India_009767.jpg,Normal,0,
India_009768.jpg,Normal,0,
India_009769.jpg,Normal,0,D44
India_009770.jpg,Normal,0,
India_009771.jpg,Normal,0,
India_009775.jpg,Crack,1,"D00, D44, D20"
India_009781.jpg,Normal,0,
India_009782.jpg,Pothole,2,D40
India_009785.jpg,Both,3,"D40, D00"
India_009787.jpg,Normal,0,
India_009789.jpg,Normal,0,
India_009790.jpg,Normal,0,
India_009791.jpg,Normal,0,
India_009792.jpg,Pothole,2,"D40, D40, D40"
India_009793.jpg,Crack,1,D20
India_009794.jpg,Pothole,2,"D40, D40, D40, D44"
India_009795.jpg,Normal,0,
India_009796.jpg,Normal,0,
India_009797.jpg,Crack,1,"D20, D20"
India_009798.jpg,Normal,0,
India_009799.jpg,Normal,0,
India_009800.jpg,Normal,0,
India_009801.jpg,Normal,0,D44
India_009802.jpg,Normal,0,
India_009804.jpg,Normal,0,
India_009805.jpg,Normal,0,
India_009806.jpg,Normal,0,
India_009807.jpg,Crack,1,D20
India_009808.jpg,Normal,0,
India_009810.jpg,Normal,0,
India_009811.jpg,Normal,0,
India_009813.jpg,Pothole,2,D40
India_009814.jpg,Normal,0,
India_009815.jpg,Crack,1,"D44, D44, D20"
India_009817.jpg,Both,3,"D40, D40, D40, D20, D20, D00"
India_009818.jpg,Crack,1,"D00, D00"
India_009819.jpg,Normal,0,
India_009821.jpg,Normal,0,
India_009822.jpg,Normal,0,
India_009823.jpg,Normal,0,
India_009824.jpg,Normal,0,
India_009825.jpg,Normal,0,
India_009826.jpg,Pothole,2,D40
India_009828.jpg,Normal,0,
India_009829.jpg,Normal,0,
India_009830.jpg,Both,3,"D40, D20, D20, D00"
India_009831.jpg,Normal,0,
India_009832.jpg,Pothole,2,D40
India_009833.jpg,Normal,0,
India_009834.jpg,Crack,1,"D44, D00"
India_009835.jpg,Normal,0,
India_009836.jpg,Pothole,2,"D44, D40"
India_009837.jpg,Normal,0,
India_009838.jpg,Normal,0,
India_009840.jpg,Normal,0,
India_009841.jpg,Both,3,"D40, D40, D40, D20"
India_009842.jpg,Crack,1,"D10, D10, D00"
India_009843.jpg,Normal,0,
India_009846.jpg,Normal,0,
India_009847.jpg,Crack,1,D00
India_009848.jpg,Crack,1,"D00, D00, D44"
India_009849.jpg,Normal,0,
India_009850.jpg,Normal,0,
India_009853.jpg,Normal,0,
India_009854.jpg,Normal,0,
India_009855.jpg,Normal,0,D44
India_009856.jpg,Pothole,2,"D40, D40, D40, D40, D40, D40, D40, D40"
India_009858.jpg,Normal,0,
India_009859.jpg,Normal,0,
India_009860.jpg,Normal,0,
India_009863.jpg,Pothole,2,"D40, D40"
India_009864.jpg,Both,3,"D40, D20"
India_009865.jpg,Normal,0,
India_009867.jpg,Normal,0,
India_009868.jpg,Normal,0,
India_009869.jpg,Pothole,2,D40
India_009871.jpg,Normal,0,
India_009872.jpg,Normal,0,
India_009873.jpg,Crack,1,D20
India_009875.jpg,Normal,0,
India_009876.jpg,Normal,0,
India_009878.jpg,Normal,0,
India_009879.jpg,Normal,0,
India_009880.jpg,Crack,1,"D20, D44"
India_009881.jpg,Pothole,2,"D40, D40, D40"
India_009882.jpg,Normal,0,
India_009883.jpg,Normal,0,
India_009884.jpg,Crack,1,D00
India_009885.jpg,Normal,0,
India_009886.jpg,Normal,0,
India_009887.jpg,Normal,0,
India_009888.jpg,Crack,1,"D00, D01, D01, D11"
India_009889.jpg,Normal,0,D43
India_009890.jpg,Pothole,2,"D40, D40"
India_009891.jpg,Normal,0,
